443	5.7064	-8.9817	-1.8094
492	1.1621	-8.9817	-1.8094
593	1.3329	-8.9817	-1.8094
714	3.0375	-8.9817	-1.8094
1166	5.1978	-8.681	-1.2874
1641	3.7043	-7.2292	0.26993
1873	5.7593	-6.2418	1.1408
1939	4.2002	-5.9947	1.3595
1960	1.7185	-5.915	1.4269
2106	5.6949	-5.3124	1.8294
2232	0.88168	-4.735	2.0733
2441	5.6771	-3.7127	2.2455
2507	3.1646	-3.3844	2.2376
2745	5.301	-2.2376	1.9623
3128	5.8704	-0.56956	1.0491
3262	3.0061	-0.083477	0.59222
3362	1.1714	0.26924	0.24121
3412	5.7527	0.44585	0.065303
3628	1.3015	1.2266	-0.67208
3669	1.2452	1.3923	-0.79219
3716	2.7385	1.5897	-0.91803
4011	0.46518	2.9016	-1.5772
4062	2.1807	3.1291	-1.6897
4219	0.19028	3.8303	-2.0363
4286	6.006	4.1312	-2.1859
4875	0.26293	6.5977	-3.91
5035	2.5685	7.2477	-4.3755
5062	0.6795	7.3574	-4.4541
5170	4.7337	7.8018	-4.7717
5280	3.4457	7.9754	-4.9228
5505	5.2724	7.9198	-5.0118
5569	4.0359	7.901	-5.0469
5635	2.6346	7.8782	-5.0915
5737	0.28625	7.8695	-5.1092
5998	4.784	7.8696	-5.1091
6127	2.4714	7.8696	-5.1091
6356	1.6675	7.8696	-5.1091
6379	5.9003	7.8696	-5.1091
6381	0.0048373	7.8696	-5.1091
6414	2.7511	7.8696	-5.1091
6563	6.0889	7.8696	-5.1091
6693	0.28108	7.8696	-5.1091
6794	5.6373	7.8696	-5.1091
7080	1.7358	7.8696	-5.1091
7272	0.18136	7.8696	-5.1091
7553	3.3979	7.8696	-5.1091
7666	0.72467	7.8696	-5.1091
7756	5.5466	7.8696	-5.1091
7841	4.97	7.8696	-5.1091
8044	3.4704	7.8696	-5.1091
8100	3.169	7.8696	-5.1091
8203	1.5189	7.8696	-5.1091
8673	1.0527	7.8695	-5.1092
8766	1.0254	7.8692	-5.1097
8983	1.3026	8.0421	-4.8009
9224	3.7749	8.7275	-3.8153
9257	5.6298	8.8218	-3.6807
9350	1.9383	9.0875	-3.3017
9517	1.8706	9.5465	-2.609
9534	5.3457	9.5862	-2.5342
10022	0.60063	10.548	-0.30273
10096	1.1815	10.692	0.035304
10206	0.5939	10.907	0.53904
10301	0.91095	11.092	0.97377
10355	5.4038	11.197	1.2213
10651	5.7526	11.775	2.5768
10660	0.37494	11.793	2.618
10708	5.2904	11.887	2.8379
10955	3.9661	12.369	3.9689
11092	3.0399	12.637	4.597
11232	1.8113	12.91	5.2376
11548	4.8906	13.527	6.6847
11582	4.5889	13.594	6.8407
11616	4.025	13.66	6.9957
11861	0.10857	14.138	8.118
11901	0.51055	14.216	8.3013
12035	5.1827	14.478	8.9139
12243	1.6159	14.884	9.8657
12416	5.3851	15.256	10.74
12483	5.4936	15.385	11.041
12503	3.5684	15.424	11.133
12547	1.3345	15.51	11.335
13621	2.2011	17.608	16.256
13652	4.5829	17.669	16.398
14038	5.7439	18.42	18.158
14050	2.4282	18.443	18.214
14204	4.4814	18.744	18.919
14238	3.7112	18.811	19.077
14353	1.1216	19.036	19.605
14663	5.8256	19.642	21.025
14705	4.6168	19.725	21.219
14730	3.7276	19.773	21.333
15084	0.86228	20.175	22.495
15105	5.5302	20.176	22.497
15246	2.6735	20.176	22.497
15263	5.9618	20.176	22.497
15423	1.4794	20.176	22.497
15518	2.8904	20.176	22.497
15578	1.0212	20.176	22.497
15589	2.7932	20.176	22.497
15604	4.6029	20.176	22.497
15619	0.50146	20.176	22.496
15786	4.1786	20.13	22.53
15880	1.4649	19.747	22.772
15973	3.8897	19.286	22.981
16046	4.5041	18.905	23.101
16136	5.7326	18.465	23.183
16244	4.7531	17.928	23.208
16302	2.2088	17.641	23.188
16386	3.0168	17.228	23.118
16399	5.0868	17.166	23.103
16424	3.49	17.046	23.071
16474	4.1217	16.808	22.996
16524	0.097479	16.572	22.917
16540	2.9301	16.496	22.892
16557	0.0976	16.416	22.866
16590	0.54241	16.26	22.814
16607	3.68	16.18	22.787
16624	4.5422	16.099	22.761
16657	4.706	15.943	22.709
16674	1.8076	15.863	22.683
16707	5.9893	15.707	22.631
16724	3.4871	15.627	22.604
16807	0.56871	15.235	22.475
17166	2.5005	13.537	21.912
17233	1.4054	13.219	21.807
17249	2.2894	13.143	21.782
17283	2.7354	12.984	21.729
17299	0.1046	12.91	21.705
17316	4.3288	12.83	21.678
17333	1.4195	12.749	21.652
17383	1.0826	12.513	21.573
17399	5.3093	12.437	21.548
17466	2.92	12.12	21.443
17592	2.7001	11.522	21.245
17613	0.70749	11.423	21.212
17749	3.8474	10.782	21
17766	1.067	10.701	20.973
17883	0.72045	10.149	20.791
17946	5.3778	9.8513	20.692
17983	5.1616	9.6737	20.633
18004	2.3723	9.5754	20.601
18008	3.0823	9.557	20.595
18022	5.6145	9.4931	20.573
18030	0.84907	9.4565	20.561
18141	2.2777	8.9372	20.371
18205	5.7076	8.6503	20.228
18240	5.7932	8.5018	20.14
18254	3.0421	8.4427	20.104
18463	2.1555	7.5553	19.558
18467	2.7926	7.5379	19.548
18542	4.0523	7.2213	19.353
18559	1.7368	7.1499	19.309
18697	4.1466	6.5641	18.949
18763	6.004	6.2842	18.777
18805	0.61693	6.1061	18.667
18864	4.8791	5.8563	18.513
18889	3.6752	5.7502	18.448
18930	1.4869	5.5762	18.341
18955	0.91409	5.4702	18.276
18984	0.26191	5.3475	18.2
19022	6.2765	5.1865	18.101
19080	2.997	4.94	17.95
19089	4.7385	4.9018	17.926
19147	0.20085	4.6564	17.775
19155	1.7791	4.6223	17.754
19322	5.797	3.9129	17.318
19330	0.97334	3.8793	17.297
19347	3.9322	3.8081	17.253
19365	0.33919	3.7326	17.207
19439	3.7193	3.4173	17.013
19464	2.8738	3.3103	16.947
19483	4.8667	3.2297	16.898
19497	0.18891	3.1709	16.862
19506	2.0631	3.1335	16.838
19518	4.7576	3.0837	16.808
19564	4.8718	2.8886	16.688
19581	2.0791	2.8151	16.643
19583	2.5157	2.8066	16.637
19597	5.5395	2.7473	16.601
19631	5.8634	2.6073	16.515
19639	0.8836	2.5737	16.494
19647	1.4885	2.5395	16.473
19664	4.9521	2.4647	16.427
19697	3.4287	2.3241	16.341
19747	0.74186	2.1093	16.208
19750	1.3554	2.0924	16.198
19772	5.9761	1.9596	16.116
19797	4.3763	1.8293	16.036
19810	6.1683	1.7856	16.009
19814	5.9978	1.7745	16.003
19822	0.31408	1.7535	15.99
19856	0.14568	1.6324	15.915
19859	0.66878	1.6169	15.906
19897	5.8104	1.403	15.774
19906	0.68143	1.3594	15.747
19914	1.5405	1.324	15.725
19939	2.8879	1.2242	15.664
19956	6.226	1.1561	15.622
19992	0.82884	1.0027	15.528
19997	1.9527	0.98114	15.515
20014	6.0303	0.90847	15.47
20047	1.9474	0.76883	15.384
20064	5.5992	0.69705	15.34
20081	2.7149	0.62516	15.296
20085	3.5142	0.6082	15.285
20097	5.8303	0.55724	15.254
20114	2.9012	0.48483	15.209
20139	2.4282	0.37894	15.144
20176	0.63322	0.22521	15.05
20181	1.6102	0.20439	15.037
20198	5.1543	0.13275	14.993
20214	2.0582	0.063832	14.95
20248	5.5751	-0.083256	14.86
20256	1.0403	-0.11726	14.839
20273	4.5609	-0.189	14.795
20281	6.1258	-0.22272	14.774
20294	2.4626	-0.27788	14.74
20298	3.2989	-0.29498	14.73
20314	0.32941	-0.36402	14.687
20323	2.1172	-0.403	14.663
20331	3.7513	-0.43757	14.642
20348	1.1371	-0.51026	14.597
20353	2.2326	-0.53133	14.584
20364	4.5872	-0.57734	14.556
20414	3.7473	-0.78664	14.427
20439	2.2551	-0.89314	14.362
20453	4.8917	-0.95264	14.325
20456	5.4402	-0.96535	14.317
20464	0.60996	-0.9992	14.296
20487	4.6888	-1.0964	14.237
20537	0.42022	-1.3082	14.106
20578	1.2166	-1.4815	14
20590	3.3161	-1.5324	13.968
20637	5.322	-1.7342	13.844
20653	1.3472	-1.802	13.803
20656	1.6878	-1.8145	13.795
20670	3.5343	-1.8731	13.759
20687	0.26583	-1.9442	13.715
20801	0.39627	-2.4278	13.418
20923	0.68092	-2.9513	13.096
20927	1.3758	-2.967	13.086
21076	0.76562	-3.5942	12.7
21132	3.4184	-3.8309	12.554
21135	3.9369	-3.8436	12.546
21148	6.1868	-3.8992	12.513
21178	5.0006	-4.0291	12.439
21344	5.2912	-4.7886	12.117
21561	4.2931	-5.7977	11.73
21828	1.5519	-7.0381	11.254
21846	4.1391	-7.1218	11.222
21975	0.064347	-7.7225	10.991
22045	5.0942	-8.0465	10.867
22133	2.0887	-8.4572	10.709
22175	2.4404	-8.651	10.635
22185	4.1437	-8.6975	10.617
22274	1.3487	-9.1118	10.458
22279	2.2287	-9.1352	10.449
22697	0.66862	-11.078	9.7038
22880	2.7362	-11.93	9.3768
23095	4.5418	-12.927	8.9942
23325	2.514	-13.997	8.5835
23397	2.8887	-14.331	8.4556
23425	1.8852	-14.46	8.4058
23492	0.86589	-14.773	8.2857
23664	1.8878	-15.643	7.952
23686	5.5698	-15.749	7.9113
23702	1.986	-15.826	7.8818
24084	1.6993	-17.604	7.1997
24290	5.5123	-18.538	6.7916
24327	5.0345	-18.7	6.6992
24353	3.3059	-18.812	6.6343
24665	1.9331	-20.157	5.8599
24738	0.88936	-20.472	5.6787
25248	1.9722	-22.408	4.5607
25365	3.7285	-22.406	4.5535
25665	0.98055	-22.395	4.5345
25833	2.4159	-22.395	4.5343
25899	0.16751	-22.395	4.5343
25966	4.8365	-22.395	4.5343
26073	3.6118	-22.395	4.5343
26116	3.6871	-22.395	4.5343
26266	3.5878	-22.395	4.5343
26417	1.6795	-22.395	4.5343
26470	5.3645	-22.395	4.5343
26516	5.3633	-22.395	4.5343
26575	2.5416	-22.395	4.5343
26700	4.5422	-22.395	4.5343
26800	1.4492	-22.395	4.5343
26838	0.98538	-22.395	4.5343
26872	0.094745	-22.395	4.5343
27074	2.4496	-22.395	4.5343
27134	2.2314	-22.395	4.5343
27331	5.6861	-22.395	4.5343
27367	5.2005	-22.395	4.5343
27698	3.4992	-22.395	4.5343
27818	4.2762	-22.395	4.5343
28123	2.1777	-22.39	4.5343
28435	2.8319	-21.207	4.4475
28540	5.1673	-20.686	4.401
28633	1.2707	-20.225	4.36
28652	4.5195	-20.131	4.3516
28735	5.7256	-19.72	4.3149
28852	1.0138	-19.139	4.2665
28886	0.48694	-18.968	4.263
29022	1.5908	-18.297	4.3243
29036	1.9967	-18.228	4.3342
29139	0.82822	-17.72	4.4072
29340	4.977	-16.73	4.5493
29453	4.3468	-16.173	4.6292
29465	0.20995	-16.114	4.6377
29552	3.8289	-15.685	4.6992
29576	2.8722	-15.567	4.7162
29945	1.0573	-13.749	4.9771
30038	3.296	-13.291	5.0428
30537	5.9313	-10.832	5.3957
30721	2.0273	-9.9248	5.5258
30942	1.3519	-8.8348	5.6822
31078	3.232	-8.1078	5.7866
31521	5.4801	-5.9007	6.1033
31555	2.7098	-5.7329	6.1274
31778	0.9008	-4.6344	6.285
32080	5.0997	-3.1471	6.4984
32235	2.2114	-2.3838	6.608
32254	4.3869	-2.2899	6.6215
32264	5.8717	-2.2402	6.6286
32506	2.938	-1.0465	6.7999
32572	1.576	-0.72274	6.8463
32667	4.2389	-0.25402	6.9136
32747	4.9272	0.13915	6.97
32909	2.1475	0.93771	7.0846
33322	0.34793	2.9726	7.3766
33444	2.4457	3.5734	7.4628
33673	2.6941	4.702	7.6248
33779	0.89621	5.2245	7.6998
33810	5.0079	5.3778	7.7218
34023	2.8178	6.4268	7.8723
34057	2.3108	6.5944	7.8964
34105	6.091	6.8307	7.9303
34137	2.6583	6.9886	7.9529
34515	2.0961	8.8522	8.2204
34549	2.45	9.0206	8.2445
34578	1.9215	9.1609	8.2647
34890	4.5936	10.781	8.4971
35204	5.0437	12.328	8.7192
35241	3.7716	12.51	8.7453
35288	2.205	12.742	8.7785
35330	2.8843	12.949	8.8082
35471	5.6904	13.644	8.9079
35504	5.0144	13.807	8.9313
35637	2.5372	14.461	9.0253
36192	1.8213	17.206	9.2311
36422	0.011547	18.348	9.1554
36583	2.9873	19.148	9.1019
36642	0.33716	19.441	9.0933
36809	1.6131	20.27	9.1598
36941	4.5388	20.924	9.2226
36984	5.9345	21.137	9.243
37143	4.1048	21.925	9.3186
37368	0.64182	23.04	9.4255
37459	3.8704	23.491	9.4688
37569	5.3241	24.036	9.521
37577	0.60311	24.075	9.5248
37636	0.36728	24.368	9.5529
37686	3.9179	24.615	9.5766
37694	5.3245	24.655	9.5804
37698	6.0759	24.675	9.5823
37710	1.9757	24.735	9.588
37717	1.4589	24.769	9.5914
37744	6.0755	24.903	9.6042
37760	2.6384	24.983	9.6118
37772	4.9926	25.042	9.6175
37794	2.2476	25.151	9.6279
37810	5.2413	25.23	9.6356
37827	2.0164	25.315	9.6437
37844	4.7665	25.399	9.6518
37860	0.83344	25.478	9.6594
37894	1.4611	25.646	9.6755
37910	5.5781	25.726	9.6831
37927	4.4268	25.81	9.6912
37944	2.5866	25.894	9.6993
37960	6.2594	25.974	9.7069
38020	2.7697	26.271	9.7354
38284	0.46463	27.579	9.8609
38336	4.2211	27.836	9.8855
38357	1.9719	27.941	9.8955
38444	1.9144	28.372	9.9369
38469	5.0934	28.498	9.949
38486	0.96091	28.582	9.957
38536	4.4062	28.821	9.98
38602	3.35	29.243	10.02
38652	2.872	29.484	10.044
38690	4.276	29.674	10.062
38786	1.573	30.15	10.107
38803	5.8296	30.234	10.115
38827	3.5838	30.353	10.127
38869	0.31274	30.563	10.147
38886	3.4645	30.647	10.155
38911	0.58515	30.766	10.166
39250	4.4598	31.213	10.217
39312	2.1958	31.213	10.217
39461	2.125	31.213	10.217
39641	1.2003	31.213	10.217
39666	5.2858	31.213	10.217
39678	1.22	31.213	10.217
39767	4.3585	31.213	10.217
39769	4.7572	31.213	10.217
40104	1.9247	31.316	9.2706
40167	6.1818	31.293	8.9462
40196	4.712	31.276	8.8145
40279	6.0136	31.262	8.7336
40527	2.1928	31.263	8.7357
40646	4.2296	31.262	8.7355
40662	1.1513	31.259	8.7334
40735	5.7273	31.276	8.7457
40818	5.2774	30.959	8.5261
40913	2.514	30.544	8.3077
40935	0.23097	30.442	8.2642
40951	3.2394	30.368	8.2346
41220	0.12927	29.119	7.7598
41380	5.2342	28.375	7.4765
41572	1.4561	27.481	7.1381
41680	0.37485	26.962	6.9981
41720	0.82827	26.766	6.9649
41754	0.4363	26.598	6.9395
42227	0.52234	24.282	6.5774
42247	4.4193	24.172	6.5603
42460	3.7323	23.045	6.3841
42666	2.5769	22.031	6.2257
42721	6.1161	21.762	6.1836
43107	4.3136	19.862	5.8868
43229	3.9301	19.262	5.793
43344	1.4478	18.696	5.7046
43394	1.635	18.45	5.6661
43412	5.1442	18.362	5.6521
43540	2.1888	17.728	5.6031
43695	0.30169	16.957	5.6256
43712	3.6244	16.873	5.6281
43720	5.0541	16.833	5.6293
43773	0.53055	16.569	5.6372
43806	0.54742	16.404	5.6421
43829	4.7172	16.29	5.6455
43848	2.0584	16.196	5.6483
43870	6.215	16.087	5.6515
43887	3.0294	16.002	5.654
43954	1.6189	15.668	5.664
44004	3.7804	15.42	5.6714
44083	3.1428	15.026	5.6831
44170	5.5516	14.593	5.696
44196	3.9636	14.463	5.6998
44198	4.3133	14.453	5.7001
44258	6.1244	14.156	5.709
44287	4.961	14.011	5.7133
44371	1.0222	13.594	5.7257
44400	5.5849	13.449	5.73
44425	3.4523	13.325	5.7337
44454	2.3289	13.181	5.738
44478	6.0122	13.062	5.7415
44495	2.8492	12.977	5.744
44512	6.2395	12.892	5.7465
44537	5.9991	12.767	5.7503
44554	3.7981	12.682	5.7529
44571	1.193	12.598	5.7555
44596	0.29515	12.474	5.759
44649	2.7221	12.21	5.76
44663	4.9052	12.141	5.7571
44679	1.1419	12.061	5.752
44737	4.5625	11.77	5.7177
44754	0.72875	11.687	5.704
44766	2.5718	11.629	5.6936
44771	3.2999	11.606	5.6892
44788	6.2102	11.524	5.674
44816	4.9009	11.388	5.6488
44821	6.0509	11.363	5.6443
44829	1.9547	11.324	5.6372
44846	0.43566	11.24	5.6221
44854	1.9009	11.201	5.615
44900	1.8983	10.976	5.5741
44980	0.020984	10.584	5.5027
44988	1.7204	10.545	5.4956
45013	5.4782	10.422	5.4733
45017	4.3736	10.402	5.4698
45021	4.7764	10.383	5.4662
45038	1.8252	10.3	5.4511
45051	4.5505	10.236	5.4395
45054	5.141	10.221	5.4368
45063	0.38891	10.178	5.4289
45104	0.5671	9.9767	5.3923
45121	3.9545	9.893	5.3771
45130	5.6466	9.8486	5.3691
45138	0.81343	9.8093	5.3619
45146	2.3083	9.7701	5.3548
45154	3.8649	9.731	5.3476
45171	0.68342	9.6482	5.3326
45180	1.914	9.6044	5.3246
45188	3.1414	9.5655	5.3175
45204	5.7265	9.4873	5.3034
45221	2.9729	9.4039	5.2883
45271	0.93114	9.159	5.2435
45288	4.3749	9.0755	5.2295
45305	5.3675	8.9912	5.2171
45321	1.6203	8.9112	5.2075
45338	4.6217	8.8263	5.1993
45371	4.3116	8.6638	5.1894
45405	3.9164	8.4956	5.1829
45421	6.0994	8.4151	5.1796
45455	5.4493	8.2445	5.1726
45463	0.71503	8.2049	5.171
45500	2.5207	8.0224	5.1637
45505	3.6535	7.9977	5.1627
45513	5.3754	7.9581	5.1611
45521	0.68728	7.9186	5.1595
45538	3.7156	7.8342	5.1561
45610	4.2829	7.4752	5.1417
45613	4.7903	7.4603	5.1411
45616	5.3193	7.4455	5.1405
45671	2.8587	7.1724	5.1295
45688	6.2748	7.0877	5.1261
45694	1.2144	7.0578	5.1249
45713	5.0129	6.9633	5.1211
45730	1.4668	6.8788	5.1177
45744	3.6576	6.8092	5.1149
45760	5.5083	6.7297	5.1117
45771	1.0174	6.675	5.1095
45777	2.0202	6.6452	5.1083
45788	3.9788	6.5907	5.1061
45797	5.8089	6.5461	5.1043
45800	0.16495	6.5313	5.1037
45844	3.261	6.3124	5.0949
45860	1.6266	6.2311	5.0916
45877	5.1256	6.1454	5.0881
45894	1.6712	6.0629	5.0848
45910	3.975	5.9889	5.0818
45913	4.4232	5.9751	5.0813
45927	0.65411	5.908	5.0786
45977	3.2777	5.5959	5.066
46039	5.123	5.2577	5.0524
46097	0.194	4.9706	5.0408
46130	6.05	4.8066	5.0342
46135	0.76916	4.782	5.0332
46164	0.76779	4.6381	5.0274
46222	4.7891	4.3491	5.0158
46230	0.27585	4.3094	5.0142
46298	3.5648	3.9713	5.0006
46355	0.4449	3.6872	4.9892
46417	0.19861	3.3772	4.9767
46489	5.448	3.0202	4.9623
46531	0.37139	2.8121	4.9539
46594	4.7999	2.4943	4.9411
46714	0.72607	1.9027	4.9173
46726	2.7816	1.8424	4.9149
46844	4.2297	1.2583	4.8914
46931	5.6499	0.8219	4.8738
46952	2.6944	0.7174	4.8696
47036	2.4665	0.3025	4.8529
47081	3.1079	0.076378	4.8438
47270	4.7443	-0.87617	4.8054
47298	2.6953	-1.0222	4.7995
47320	0.7139	-1.1235	4.7955
47464	4.5736	-1.8248	4.7672
47476	0.48665	-1.8859	4.7648
47578	0.22572	-2.3962	4.7442
47610	0.26607	-2.556	4.7378
47678	1.2159	-2.894	4.7242
47769	0.61913	-3.3456	4.706
48003	5.5477	-4.5098	4.6591
48104	5.2706	-5.012	4.6389
48153	1.0038	-5.2557	4.6291
48267	1.9952	-5.8228	4.6063
48467	1.2585	-6.8196	4.5661
48636	0.63294	-7.6588	4.5323
48717	0.16294	-8.0597	4.5162
49101	2.1972	-9.9715	4.4392
49160	4.9543	-10.265	4.4274
49172	0.6621	-10.324	4.425
49178	1.5525	-10.354	4.4238
49185	2.5543	-10.389	4.4224
49221	1.8426	-10.57	4.4151
49283	4.4414	-10.873	4.4029
49304	1.4099	-10.976	4.3988
49568	3.3285	-12.293	4.3457
49972	5.4492	-14.387	4.2614
50121	0.85779	-15.124	4.2317
50395	1.3201	-16.491	4.1767
50590	0.62203	-17.457	4.1378
50630	3.9167	-17.655	4.1298
50656	3.1392	-17.789	4.1244
50673	4.7208	-17.874	4.121
50806	0.43531	-18.534	4.0944
50830	4.6718	-18.654	4.0896
51007	1.4227	-19.534	4.0542
51116	1.6426	-20.077	4.0323
51220	0.3045	-20.596	4.0114
51274	3.2665	-20.866	4.0005
51290	0.27739	-20.946	3.9973
51407	5.9332	-21.527	3.9739
51647	1.2012	-22.204	4.0615
51812	0.43769	-22.282	4.2819
52023	3.867	-22.345	4.4224
52188	3.2323	-22.345	4.4219
52231	4.5959	-22.345	4.4219
52675	3.3832	-22.345	4.4219
52872	0.20733	-22.345	4.4219
54334	4.2664	-22.345	4.4219
54560	2.5882	-22.345	4.4219
54754	3.0795	-22.345	4.4219
54819	1.8757	-22.345	4.4219
55234	3.8829	-22.345	4.4219
55378	5.6133	-22.345	4.4219
55627	4.9236	-22.345	4.4223
55628	5.1059	-22.345	4.4223
55670	3.7234	-22.345	4.4205
55678	5.2539	-22.345	4.4204
55744	4.8094	-22.345	4.4225
55746	5.2431	-22.345	4.4212
55846	1.1208	-22.268	4.2239
56228	1.9159	-22.182	3.0257
56492	1.6586	-22.742	1.942
56533	1.8952	-22.883	1.7941
56600	5.3362	-23.113	1.5535
56608	0.27705	-23.14	1.5246
56708	4.9201	-23.483	1.165
56875	2.8506	-24.057	0.5636
56883	4.3792	-24.085	0.53468
56909	2.999	-24.175	0.44009
56950	4.0745	-24.317	0.29144
56983	2.9928	-24.429	0.17264
57025	4.2636	-24.568	0.012925
57067	3.1781	-24.694	-0.15148
57075	4.5858	-24.717	-0.18312
57084	6.1957	-24.742	-0.21927
57100	2.7894	-24.786	-0.28558
57129	1.5098	-24.865	-0.40945
57133	2.2673	-24.875	-0.42617
57142	3.8906	-24.897	-0.46292
57150	5.2723	-24.917	-0.49425
57159	0.68964	-24.938	-0.52859
57183	1.2455	-24.999	-0.627
57209	0.41427	-25.086	-0.76868
57234	4.6091	-25.178	-0.91706
57242	5.9408	-25.202	-0.9559
57284	1.1982	-25.275	-1.0738
57292	2.8237	-25.29	-1.0992
57300	4.6317	-25.311	-1.1321
57309	0.71915	-25.339	-1.1779
57334	6.2117	-25.432	-1.3282
57350	2.6586	-25.488	-1.4184
57371	5.0595	-25.546	-1.5129
57375	5.8142	-25.556	-1.5289
57380	0.45289	-25.568	-1.5484
57384	1.1747	-25.577	-1.5638
57434	0.076794	-25.703	-1.768
57442	1.8659	-25.725	-1.8026
57450	3.4712	-25.746	-1.8373
57492	4.4526	-25.858	-2.0181
57500	5.8744	-25.879	-2.0519
57547	0.81472	-26	-2.2476
57584	0.61099	-26.096	-2.4042
57600	3.0314	-26.138	-2.4722
57609	4.3958	-26.162	-2.5104
57612	4.8671	-26.17	-2.5231
57650	4.5838	-26.269	-2.684
57659	6.0172	-26.293	-2.722
57676	2.4511	-26.337	-2.794
57684	3.9098	-26.358	-2.8279
57726	5.9967	-26.468	-3.0058
57730	0.72045	-26.478	-3.0228
57767	0.96601	-26.575	-3.1795
57784	4.1904	-26.62	-3.2515
57800	0.91561	-26.662	-3.3192
57851	1.9649	-26.795	-3.535
57901	4.5607	-26.926	-3.7469
57956	0.87159	-27.07	-3.9798
57959	1.4317	-27.077	-3.9926
57967	3.0064	-27.098	-4.0265
57973	4.257	-27.114	-4.0521
57989	1.6983	-27.156	-4.12
58006	0.94856	-27.201	-4.192
58030	5.6721	-27.263	-4.2933
58043	1.9322	-27.297	-4.3482
58077	2.6455	-27.386	-4.4924
58140	2.0322	-27.551	-4.759
58219	3.398	-27.758	-5.0943
58326	0.25599	-28.037	-5.5471
58354	5.2645	-28.111	-5.6653
58780	5.4763	-28.904	-7.6246
58821	0.503	-28.968	-7.8181
58864	0.71017	-29.036	-8.021
59106	2.9906	-29.416	-9.1638
59193	6.1834	-29.553	-9.5744
59464	5.7803	-29.98	-10.857
59477	2.2013	-30	-10.917
59548	1.5671	-30.112	-11.253
59565	5.2456	-30.139	-11.332
59582	2.1877	-30.165	-11.412
59599	5.4587	-30.192	-11.492
59624	3.7402	-30.232	-11.613
59632	5.5688	-30.245	-11.651
59665	1.8339	-30.297	-11.807
59765	0.14217	-30.454	-12.277
59799	0.28986	-30.507	-12.439
59815	0.19658	-30.532	-12.514
59832	3.004	-30.559	-12.593
59865	2.4411	-30.611	-12.749
60179	6.2135	-31.239	-14.174
60272	4.3336	-31.464	-14.578
60291	1.4781	-31.51	-14.661
60341	4.7818	-31.631	-14.879
60357	1.825	-31.67	-14.948
60441	4.3168	-31.873	-15.314
60457	1.1764	-31.912	-15.384
60474	4.6563	-31.953	-15.457
60569	1.6368	-32.183	-15.871
60574	2.4755	-32.195	-15.893
60607	1.6461	-32.274	-16.036
60624	4.7025	-32.314	-16.111
60662	5.1072	-32.397	-16.281
60765	2.925	-32.578	-16.761
60828	0.62164	-32.676	-17.057
60857	5.4878	-32.723	-17.196
60907	3.2834	-32.8	-17.427
60924	2.4898	-32.825	-17.503
61145	2.33	-33.202	-18.634
61257	1.0622	-33.378	-19.162
61341	2.7717	-33.511	-19.56
61457	4.279	-33.693	-20.107
61507	1.3819	-33.772	-20.343
61530	5.0592	-33.808	-20.452
61541	0.59021	-33.825	-20.504
61654	5.7993	-34.047	-21.02
61783	6.0194	-34.334	-21.597
61804	3.6247	-34.38	-21.69
61824	1.2868	-34.424	-21.779
61908	1.5623	-34.61	-22.154
62391	2.5136	-35.68	-24.306
62416	0.57374	-35.735	-24.418
62613	5.1602	-36.171	-25.296
62626	1.1386	-36.2	-25.354
62755	4.3151	-36.486	-25.929
62801	2.3309	-36.588	-26.134
63008	5.8312	-37.046	-27.056
63131	1.3345	-37.319	-27.605
63206	0.51323	-37.484	-27.939
63667	6.0713	-38.506	-29.994
63842	0.92156	-38.893	-30.775
63962	4.936	-39.159	-31.31
63985	3.3235	-39.21	-31.412
63999	0.47417	-39.241	-31.475
64098	0.70852	-39.46	-31.916
64326	3.7984	-39.965	-32.931
64336	5.4996	-39.987	-32.976
64401	3.7466	-40.131	-33.266
64703	5.0802	-40.804	-34.621
64903	4.7572	-41.279	-35.578
64918	1.2687	-41.313	-35.644
64952	4.6988	-41.388	-35.796
65016	5.0213	-41.524	-36.085
65270	4.1562	-41.799	-37.312
65310	6.1809	-41.802	-37.511
65502	2.1979	-41.664	-38.454
65611	3.3489	-41.476	-38.963
65619	4.5268	-41.459	-38.999
65629	6.1291	-41.437	-39.044
65686	3.783	-41.303	-39.293
65903	5.9958	-40.621	-40.127
66108	2.6872	-39.778	-40.694
66253	1.2592	-39.101	-40.941
66337	3.7792	-38.686	-41.02
66355	1.5483	-38.597	-41.031
66570	5.2035	-37.532	-40.984
66617	0.40598	-37.308	-40.932
66799	2.4481	-36.469	-40.593
67128	3.8525	-35.118	-39.669
67255	0.82264	-34.599	-39.305
67338	1.442	-34.262	-39.069
67551	2.644	-33.393	-38.461
67671	2.3986	-32.902	-38.117
67726	0.52424	-32.679	-37.961
67862	4.947	-32.125	-37.573
67872	0.31417	-32.084	-37.544
68050	5.36	-31.359	-37.036
68117	1.2558	-31.085	-36.845
68204	3.4674	-30.731	-36.597
68238	3.8866	-30.592	-36.5
68345	3.2162	-30.156	-36.194
68355	5.064	-30.114	-36.165
68455	5.1973	-29.696	-35.873
68488	5.5849	-29.512	-35.744
68526	0.40467	-29.344	-35.626
68538	1.4956	-29.299	-35.595
68618	6.1919	-28.975	-35.367
68629	1.7961	-28.93	-35.336
68692	5.6268	-28.673	-35.156
69156	0.73372	-26.781	-33.832
69346	1.6571	-26.006	-33.289
69451	1.5418	-25.578	-32.99
69638	2.6295	-24.815	-32.455
70170	0.54289	-22.646	-30.937
70237	5.6143	-22.373	-30.746
70406	1.8045	-21.684	-30.263
70440	5.8871	-21.545	-30.166
70629	3.1645	-20.774	-29.626
70963	0.77274	-19.413	-28.673
71097	3.8768	-18.866	-28.29
71320	1.5194	-17.957	-27.654
71480	3.5495	-17.304	-27.197
71557	3.9608	-16.99	-26.977
71608	3.307	-16.782	-26.831
71621	6.2584	-16.729	-26.794
71773	3.9872	-16.109	-26.36
71907	4.749	-15.562	-25.977
71940	5.0944	-15.429	-25.884
71963	2.9987	-15.333	-25.817
72141	5.5403	-14.605	-25.307
72331	1.9174	-13.781	-24.73
72371	3.3283	-13.595	-24.6
72496	3.6192	-13.092	-24.248
72508	5.0397	-13.043	-24.213
72575	2.4942	-12.769	-24.022
72640	4.7645	-12.509	-23.84
72758	2.161	-12.023	-23.5
72900	5.7599	-11.445	-23.095
72908	0.82618	-11.413	-23.072
72918	2.7629	-11.372	-23.044
72962	4.0111	-11.192	-22.918
73117	4.4635	-10.56	-22.475
73132	1.054	-10.499	-22.432
73435	0.67663	-9.2599	-21.565
73525	4.604	-8.897	-21.311
74008	2.9793	-7.02	-19.814
74316	6.0745	-5.8727	-18.797
74342	2.8537	-5.7755	-18.71
74610	3.125	-4.7773	-17.825
74633	1.2237	-4.6901	-17.748
74873	1.3613	-3.7981	-16.957
74893	5.7496	-3.7236	-16.891
74927	5.0236	-3.597	-16.778
75267	5.1615	-2.3306	-15.655
75594	3.6562	-1.0074	-14.714
75627	2.965	-0.86765	-14.63
75649	0.29506	-0.77414	-14.574
75792	4.6151	-0.16416	-14.207
75852	0.32436	0.092086	-14.053
75994	1.1862	0.68245	-13.665
76010	1.8974	0.76739	-13.596
76090	4.4307	1.0507	-13.356
76135	5.2161	1.2683	-13.171
76570	1.7158	2.9339	-11.758
76641	1.8364	3.2034	-11.53
76660	4.5003	3.2756	-11.468
76941	4.6605	4.3424	-10.563
77262	2.3017	5.5615	-9.5294
77410	0.87216	6.1226	-9.0534
77478	1.2674	6.3814	-8.8339
78210	3.7298	7.9036	-7.2327
78276	1.695	7.8843	-7.1953
78596	5.2417	7.886	-7.1986
78804	5.743	7.7804	-6.8263
78819	2.01	7.7643	-6.759
79013	4.4168	7.7219	-5.8828
79043	3.466	7.7207	-5.902
79162	0.66721	7.7238	-5.8655
79570	3.2451	8.1241	-3.9187
79581	5.1522	8.1385	-3.8658
79612	4.6656	8.1797	-3.7139
79689	5.4732	8.2778	-3.3523
79821	0.33524	8.4604	-2.6794
79928	2.4759	8.6125	-2.1188
80160	4.9419	8.9152	-1.0036
80355	0.63674	9.1697	-0.065628
80700	4.0494	9.6548	1.5808
80829	2.8528	9.8806	2.1844
80857	3.9102	9.9295	2.315
80898	3.9435	9.9999	2.5032
80991	0.95512	10.162	2.9372
81087	3.2753	10.33	3.3843
81214	1.671	10.551	3.9766
81249	5.4171	10.613	4.1401
81274	3.9255	10.656	4.2568
81306	3.3486	10.712	4.4059
81382	3.298	10.844	4.7592
81976	1.684	11.881	7.5301
82081	0.52261	12.064	8.0185
82134	3.4524	12.157	8.2656
82317	2.4002	12.476	9.1195
82417	0.045396	12.651	9.585
82500	2.9406	12.796	9.9731
82656	5.9713	13.066	10.696
82685	4.3586	13.118	10.834
83017	3.2417	13.697	12.381
83047	0.96351	13.749	12.52
83117	5.9108	13.872	12.849
83167	0.94714	13.965	13.096
83183	4.1127	13.997	13.182
83234	2.0862	14.079	13.402
83297	0.64026	14.186	13.688
83325	5.5647	14.235	13.818
83389	3.3241	14.347	14.117
83580	0.1867	14.714	15.099
83865	3.3347	15.206	16.413
83959	5.8578	15.37	16.851
83974	2.6879	15.396	16.921
84232	3.1758	15.848	18.127
84556	1.6034	16.412	19.636
84586	1.257	16.465	19.776
84703	2.5499	16.668	20.32
84818	3.2135	16.869	20.856
85053	4.5759	17.279	21.952
85270	0.85257	17.656	22.96
85277	2.3269	17.669	22.992
85378	5.4831	17.845	23.465
85668	5.4265	18.353	24.82
85707	3.8309	18.421	25.003
85953	5.6291	18.849	26.147
86053	4.0473	19.03	26.628
86086	3.3663	19.083	26.771
86259	2.1226	19.384	27.575
86277	5.2793	19.416	27.66
86393	5.606	19.618	28.2
86654	1.1847	20.073	29.416
86845	4.4764	20.406	30.307
86867	1.7763	20.432	30.389
87163	2.4163	20.67	31.03
87188	0.0026184	20.67	31.03
87288	2.7	20.67	31.03
87396	2.852	20.67	31.03
87421	4.0071	20.67	31.03
87438	2.4157	20.67	31.03
87846	1.3809	21.582	31.121
88035	3.0355	22.511	30.971
88178	0.45143	23.164	30.702
88187	1.8559	23.203	30.681
88202	4.4511	23.268	30.644
88237	3.5479	23.417	30.553
88694	3.3427	24.827	28.816
88707	5.549	24.849	28.755
88795	0.50977	24.972	28.335
89203	0.80296	24.881	26.327
89695	5.9551	23.981	24.05
89738	0.32543	23.899	23.852
89757	3.5172	23.863	23.765
89836	0.12278	23.714	23.401
90040	3.256	23.327	22.462
90541	2.2172	22.377	20.157
90678	0.38797	22.118	19.526
90759	2.0848	21.964	19.153
90956	5.1437	21.592	18.25
90971	5.1726	21.565	18.184
91165	5.9862	21.163	17.207
91190	1.1037	21.116	17.093
91391	0.82143	20.735	16.168
91659	1.7139	20.227	14.934
91758	5.5774	20.038	14.477
91771	1.2554	20.014	14.418
92174	0.99937	19.25	12.563
92260	4.3479	19.087	12.168
92349	1.9487	18.918	11.757
92783	4.4191	18.095	9.7602
92793	6.1227	18.076	9.7141
92813	3.3895	18.039	9.6224
93239	0.27521	17.198	7.6759
93784	1.4627	15.829	5.3355
94139	1.733	14.935	3.8091
94452	5.5004	14.148	2.4638
94558	2.9257	13.883	2.01
94762	0.59705	13.397	1.09
94861	4.3835	13.235	0.56757
95369	2.1618	12.564	-1.8715
95528	1.7848	12.268	-2.6058
95799	3.4103	11.557	-3.7516
96159	0.86305	11.278	-4.218
96161	1.2791	11.278	-4.218
96204	1.3915	11.278	-4.218
96212	2.8723	11.278	-4.218
96437	1.9243	11.278	-4.218
96588	3.1671	11.278	-4.218
96703	3.3153	11.278	-4.218
96893	0.6729	11.278	-4.218
96992	5.7309	11.278	-4.218
97042	1.0275	11.278	-4.218
97072	0.17397	11.278	-4.218
97158	3.4024	11.278	-4.218
97195	3.836	11.278	-4.218
97514	5.7776	11.278	-4.218
97531	2.3804	11.278	-4.218
97547	5.1929	11.278	-4.218
97581	4.9997	11.278	-4.218
97597	1.8823	11.278	-4.218
97631	0.77616	11.278	-4.218
97647	2.5089	11.278	-4.218
97656	4.2082	11.278	-4.218
97697	5.924	11.278	-4.218
97714	2.9006	11.278	-4.218
97747	4.9203	11.278	-4.218
97764	2.7651	11.278	-4.218
97781	0.27988	11.278	-4.218
97797	4.1826	11.278	-4.218
97831	0.66738	11.278	-4.218
97847	3.307	11.278	-4.218
97898	5.416	11.278	-4.218
97998	4.6367	11.278	-4.218
98256	2.411	11.278	-4.218
98277	6.1517	11.278	-4.218
98356	0.013323	11.278	-4.218
98373	3.0359	11.278	-4.218
98389	5.9556	11.278	-4.218
98406	0.77049	11.278	-4.218
98439	1.2783	11.278	-4.218
98449	3.2461	11.278	-4.218
98506	1.0888	11.278	-4.218
98523	3.8006	11.278	-4.218
98540	5.8105	11.278	-4.218
98590	2.0137	11.278	-4.218
98687	0.27234	11.278	-4.218
98773	0.79778	11.278	-4.218
98856	1.4218	11.278	-4.218
98906	3.899	11.278	-4.218
98990	5.7669	11.278	-4.218
99006	2.1592	11.278	-4.218
99106	0.13322	11.278	-4.218
99156	4.1211	11.278	-4.218
99173	3.6379	11.278	-4.218
99332	4.6019	11.278	-4.218
99340	5.8771	11.278	-4.218
99412	5.374	11.278	-4.218
99440	4.2157	11.278	-4.218
99690	0.84603	11.278	-4.2179
99773	2.4992	11.275	-4.2159
99848	0.96545	11.344	-4.2837
99890	2.3401	11.488	-4.438
99998	6.1756	11.818	-4.8643
1.0006e+05	4.9256	12.015	-5.1328
1.0021e+05	0.05313	12.451	-5.7268
1.003e+05	2.486	12.692	-6.0558
1.0047e+05	5.9645	13.199	-6.7474
1.0057e+05	2.1289	13.492	-7.1475
1.0061e+05	3.6922	13.611	-7.3084
1.0077e+05	4.3157	14.103	-7.9266
1.0088e+05	1.4865	14.535	-8.3082
1.0095e+05	0.25274	14.803	-8.5069
1.0096e+05	2.0165	14.84	-8.5335
1.016e+05	2.4171	17.415	-10.438
1.0168e+05	0.7417	17.74	-10.679
1.0171e+05	5.3688	17.844	-10.756
1.0172e+05	0.65877	17.88	-10.782
1.0184e+05	2.5575	18.341	-11.186
1.0234e+05	2.9209	20.104	-13.082
1.0236e+05	5.8251	20.156	-13.138
1.0256e+05	2.6797	20.895	-13.833
1.0314e+05	3.4851	23.177	-15.602
1.0334e+05	5.7315	23.877	-16.294
1.0373e+05	1.7379	25.198	-17.716
1.0395e+05	0.0093996	25.951	-18.526
1.0441e+05	0.0014756	27.497	-20.19
1.0448e+05	5.4398	27.727	-20.437
1.0454e+05	5.1992	27.923	-20.649
1.0463e+05	1.9198	28.251	-21.001
1.0526e+05	2.1235	30.374	-23.285
1.0569e+05	1.0238	31.823	-24.845
1.0592e+05	0.35911	32.619	-25.701
1.0618e+05	5.6239	33.564	-26.718
1.0625e+05	3.7768	33.792	-26.964
1.0642e+05	5.019	34.365	-27.581
1.0643e+05	3.8057	34.41	-27.629
1.0645e+05	1.8279	34.48	-27.705
1.0647e+05	4.2863	34.52	-27.747
1.0667e+05	3.8549	35.273	-28.441
1.0721e+05	1.0868	37.809	-29.055
1.0739e+05	3.7073	38.663	-28.829
1.074e+05	4.9798	38.7	-28.814
1.0764e+05	3.4969	39.74	-28.152
1.0777e+05	5.8842	40.159	-27.698
1.0785e+05	0.55538	40.379	-27.38
1.0816e+05	0.4732	40.882	-25.938
1.0861e+05	2.7751	40.442	-23.739
1.0882e+05	4.2058	39.84	-22.937
1.0927e+05	4.141	38.352	-21.209
1.0949e+05	2.6314	37.613	-20.395
1.099e+05	3.9652	35.762	-19.511
1.0998e+05	2.1849	35.354	-19.424
1.1004e+05	0.58432	35.026	-19.354
1.1006e+05	3.3989	34.945	-19.336
1.1008e+05	6.2659	34.865	-19.319
1.1014e+05	0.96779	34.58	-19.259
1.1027e+05	4.1949	33.916	-19.117
1.1033e+05	0.22049	33.649	-19.06
1.1033e+05	0.80417	33.635	-19.057
1.104e+05	3.7602	33.327	-18.991
1.1043e+05	3.0919	33.162	-18.956
1.1045e+05	6.0575	33.079	-18.938
1.1046e+05	1.9522	33.001	-18.922
1.1048e+05	4.8351	32.919	-18.904
1.1053e+05	5.6641	32.676	-18.852
1.1058e+05	6.2561	32.432	-18.8
1.1059e+05	1.3504	32.393	-18.792
1.106e+05	2.8094	32.354	-18.783
1.1062e+05	0.91555	32.233	-18.757
1.1064e+05	4.9305	32.111	-18.731
1.1068e+05	4.0156	31.944	-18.696
1.1079e+05	5.7161	31.418	-18.583
1.1103e+05	0.95317	30.241	-18.332
1.1107e+05	4.6505	30.04	-18.289
1.1117e+05	2.6056	29.553	-18.185
1.112e+05	2.624	29.405	-18.154
1.1122e+05	4.9323	29.329	-18.137
1.1137e+05	1.8399	28.577	-17.977
1.1138e+05	2.6371	28.557	-17.973
1.1142e+05	2.2318	28.336	-17.926
1.1144e+05	0.702	28.214	-17.9
1.1148e+05	0.32112	28.049	-17.864
1.1156e+05	2.6014	27.646	-17.778
1.1161e+05	5.1998	27.403	-17.726
1.1165e+05	0.025147	27.198	-17.683
1.1167e+05	2.1143	27.101	-17.662
1.1172e+05	4.4838	26.872	-17.613
1.1177e+05	3.0325	26.628	-17.561
1.118e+05	1.8862	26.511	-17.536
1.1184e+05	3.8223	26.306	-17.492
1.1188e+05	3.4616	26.088	-17.446
1.1189e+05	4.1696	26.05	-17.437
1.1194e+05	0.7455	25.782	-17.38
1.1196e+05	2.0835	25.699	-17.362
1.1198e+05	4.8184	25.616	-17.345
1.12e+05	1.4223	25.538	-17.328
1.1203e+05	1.2044	25.373	-17.293
1.1204e+05	3.8447	25.295	-17.276
1.1206e+05	0.66882	25.211	-17.258
1.1209e+05	2.9029	25.088	-17.232
1.121e+05	4.4217	25.049	-17.224
1.1211e+05	1.1009	24.968	-17.207
1.1213e+05	5.5757	24.888	-17.189
1.1215e+05	2.7736	24.767	-17.164
1.1218e+05	1.0559	24.643	-17.137
1.1218e+05	6.2407	24.628	-17.134
1.1221e+05	5.0403	24.48	-17.102
1.1225e+05	4.9219	24.277	-17.059
1.1232e+05	1.7933	23.946	-16.988
1.1235e+05	5.1299	23.83	-16.963
1.1235e+05	5.5472	23.815	-16.96
1.1245e+05	1.674	23.322	-16.855
1.1247e+05	5.6914	23.234	-16.836
1.1248e+05	1.5211	23.181	-16.825
1.1248e+05	2.3895	23.156	-16.82
1.1263e+05	0.85535	22.426	-16.664
1.1268e+05	3.3172	22.227	-16.621
1.1332e+05	3.26	19.085	-15.95
1.1336e+05	4.6024	18.868	-15.904
1.1341e+05	5.2533	18.635	-15.854
1.1343e+05	0.50222	18.571	-15.841
1.1359e+05	6.0569	17.68	-15.65
1.1368e+05	1.88	17.241	-15.557
1.1374e+05	5.1163	16.951	-15.495
1.1389e+05	1.4451	16.241	-15.343
1.1399e+05	1.3171	15.731	-15.228
1.1403e+05	1.1531	15.574	-15.182
1.1404e+05	4.328	15.495	-15.155
1.1405e+05	6.0783	15.453	-15.14
1.1406e+05	1.3726	15.415	-15.126
1.1413e+05	5.0884	15.11	-15.001
1.1421e+05	1.2438	14.726	-14.84
1.1423e+05	3.9693	14.652	-14.81
1.1424e+05	0.66503	14.574	-14.777
1.1428e+05	0.33732	14.422	-14.713
1.1429e+05	3.2607	14.344	-14.681
1.1434e+05	3.8666	14.114	-14.585
1.1441e+05	2.4614	13.806	-14.456
1.1478e+05	3.2082	12.085	-13.736
1.1484e+05	1.1281	11.855	-13.64
1.1488e+05	4.1487	11.625	-13.544
1.1502e+05	4.8824	11.015	-13.289
1.1504e+05	1.2754	10.936	-13.256
1.1505e+05	3.0582	10.858	-13.223
1.1515e+05	0.24749	10.397	-13.031
1.1517e+05	3.0944	10.324	-13
1.1518e+05	6.0273	10.247	-12.968
1.1522e+05	5.02	10.096	-12.905
1.1524e+05	1.1854	10.018	-12.872
1.1527e+05	0.78538	9.8666	-12.809
1.1542e+05	1.2835	9.1784	-12.521
1.1544e+05	4.2662	9.1	-12.488
1.1558e+05	3.6765	8.4153	-12.202
1.1561e+05	1.6292	8.2911	-12.15
1.1577e+05	3.9335	7.5517	-11.84
1.158e+05	0.21338	7.409	-11.781
1.1592e+05	3.2891	6.8793	-11.559
1.1594e+05	4.0328	6.8015	-11.527
1.1601e+05	5.7932	6.4597	-11.384
1.1615e+05	2.5486	5.8111	-11.113
1.1628e+05	5.5424	5.1981	-10.856
1.1633e+05	4.4875	5.0085	-10.777
1.1636e+05	3.7307	4.8498	-10.711
1.1642e+05	1.8941	4.5822	-10.599
1.1668e+05	2.1333	3.3884	-10.099
1.169e+05	2.3439	2.3535	-9.6667
1.1692e+05	5.2224	2.2843	-9.6378
1.1705e+05	3.2893	1.67	-9.3809
1.1718e+05	5.1538	1.0968	-9.1412
1.1719e+05	1.7755	1.0218	-9.1098
1.1728e+05	2.3832	0.6478	-8.9534
1.1734e+05	5.75	0.25668	-8.7899
1.1736e+05	2.4781	0.17414	-8.7554
1.1749e+05	0.80398	-0.42954	-8.5029
1.1813e+05	4.2607	-3.3691	-7.2736
1.1831e+05	2.8964	-4.1715	-6.9381
1.1833e+05	0.2146	-4.2628	-6.8999
1.1841e+05	6.009	-4.6455	-6.7399
1.1883e+05	1.8021	-6.5698	-5.9359
1.1888e+05	3.7742	-6.7937	-5.835
1.1889e+05	5.0545	-6.8236	-5.8201
1.1893e+05	6.1468	-7.0096	-5.7199
1.1895e+05	3.7679	-7.1136	-5.6572
1.1935e+05	1.6896	-8.7734	-4.5677
1.1969e+05	5.2929	-10.163	-3.6548
1.199e+05	5.3123	-11.093	-3.1278
1.2061e+05	1.6845	-14.251	-1.5416
1.2078e+05	0.13006	-14.985	-1.1728
1.2082e+05	2.0487	-15.181	-1.0744
1.2122e+05	4.3354	-17.03	-0.14583
1.213e+05	5.8303	-17.4	0.039934
1.2136e+05	4.1956	-17.671	0.17607
1.2146e+05	0.40843	-18.094	0.38845
1.2153e+05	5.7762	-18.414	0.54932
1.2168e+05	3.4839	-19.073	0.88034
1.2169e+05	5.4755	-19.118	0.9028
1.2171e+05	4.0516	-19.228	0.95851
1.2175e+05	2.0026	-19.392	1.0409
1.2196e+05	1.6043	-20.336	1.5148
1.2213e+05	3.3678	-21.066	1.8814
1.2216e+05	4.9133	-21.235	1.9665
1.2233e+05	1.1929	-21.957	2.3292
1.2266e+05	5.5934	-22.26	2.6028
1.227e+05	2.0826	-22.254	2.6196
1.2284e+05	0.62396	-22.255	2.619
1.2289e+05	5.0405	-22.255	2.619
1.2294e+05	2.5019	-22.255	2.619
1.2305e+05	5.2802	-22.255	2.6195
1.232e+05	4.3455	-22.225	2.8125
1.2358e+05	1.0649	-22.409	4.3948
1.237e+05	4.21	-22.412	4.4042
1.2373e+05	5.4004	-22.403	4.3893
1.2383e+05	3.7759	-22.655	4.7759
1.2391e+05	4.4189	-22.738	4.8909
1.2392e+05	0.15669	-22.738	4.8907
1.2396e+05	0.41369	-22.735	4.8864
1.241e+05	4.5447	-22.737	4.8903
1.2413e+05	2.2236	-22.799	4.9767
1.2421e+05	4.8449	-23.032	5.3029
1.245e+05	2.0519	-23.852	6.4533
1.2458e+05	2.4369	-24.092	6.7899
1.2476e+05	1.4368	-24.642	7.5613
1.2482e+05	3.6239	-24.819	7.8145
1.2482e+05	4.772	-24.837	7.8427
1.2489e+05	4.5971	-24.999	8.1255
1.249e+05	0.22524	-25.02	8.1658
1.2518e+05	1.1999	-25.676	9.425
1.252e+05	4.6561	-25.713	9.4958
1.2521e+05	1.8926	-25.747	9.5614
1.2532e+05	6.1053	-26	10.046
1.2537e+05	2.5474	-26.11	10.257
1.2572e+05	1.5126	-26.899	11.771
1.2583e+05	3.7859	-27.159	12.271
1.2591e+05	3.7853	-27.338	12.615
1.2598e+05	4.8059	-27.506	12.937
1.2618e+05	3.4176	-27.976	13.84
1.2622e+05	3.2424	-28.063	14.007
1.2633e+05	2.5107	-28.312	14.484
1.265e+05	2.4991	-28.703	15.234
1.2652e+05	1.7033	-28.754	15.333
1.2691e+05	2.1462	-29.642	17.038
1.27e+05	2.2043	-29.866	17.467
1.2732e+05	0.81372	-30.597	18.87
1.2803e+05	4.0137	-31.879	22.145
1.281e+05	3.5156	-31.976	22.464
1.2858e+05	1.3617	-32.812	24.79
1.2863e+05	3.8875	-32.932	25.005
1.2887e+05	2.2231	-33.52	26.07
1.2897e+05	4.7248	-33.761	26.505
1.2908e+05	2.506	-33.983	26.999
1.2956e+05	3.1674	-34.79	29.254
1.2966e+05	1.1159	-34.978	29.671
1.297e+05	2.6762	-35.07	29.87
1.299e+05	5.3348	-35.482	30.756
1.2994e+05	0.72043	-35.576	30.958
1.2995e+05	1.5676	-35.586	30.981
1.2998e+05	6.2567	-35.649	31.116
1.2998e+05	0.43683	-35.656	31.129
1.3005e+05	3.0746	-35.796	31.432
1.301e+05	0.084363	-35.901	31.658
1.3012e+05	3.4771	-35.945	31.753
1.3019e+05	3.7456	-36.099	32.083
1.3033e+05	2.8824	-36.394	32.719
1.3055e+05	4.9778	-36.85	33.699
1.3065e+05	4.534	-37.066	34.164
1.3117e+05	3.0348	-37.887	35.983
1.3125e+05	3.2356	-37.889	35.986
1.3128e+05	4.0312	-37.889	35.986
1.3132e+05	2.3316	-37.889	35.986
1.3149e+05	0.0029282	-37.889	35.986
1.316e+05	1.4449	-37.889	35.986
1.3165e+05	3.228	-37.889	35.986
1.3176e+05	3.3868	-37.889	35.986
1.3187e+05	3.7652	-37.889	35.986
1.3197e+05	1.3414	-37.889	35.986
1.3227e+05	4.6672	-37.889	35.986
1.3234e+05	0.28919	-37.889	35.986
1.3236e+05	3.8991	-37.889	35.986
1.3236e+05	5.2742	-37.889	35.986
1.3241e+05	6.1171	-37.889	35.986
1.3251e+05	3.1119	-37.889	35.986
1.3268e+05	4.1589	-37.889	35.986
1.3273e+05	6.1527	-37.888	35.986
1.3293e+05	0.99693	-37.773	35.91
1.3312e+05	2.801	-36.982	35.331
1.3322e+05	5.8896	-36.593	35.044
1.3341e+05	0.4917	-35.831	34.48
1.3351e+05	4.229	-35.462	34.148
1.3361e+05	1.9163	-35.123	33.759
1.337e+05	4.7717	-34.827	33.41
1.3389e+05	3.1915	-34.215	32.689
1.3393e+05	4.9101	-34.091	32.532
1.3394e+05	4.5057	-34.068	32.5
1.3402e+05	0.096589	-33.857	32.174
1.3403e+05	2.5247	-33.826	32.117
1.3405e+05	6.0509	-33.779	32.03
1.3417e+05	6.1429	-33.521	31.524
1.342e+05	1.5984	-33.438	31.36
1.3423e+05	1.2247	-33.372	31.231
1.3446e+05	4.6355	-32.862	30.228
1.3453e+05	3.8738	-32.721	29.886
1.3456e+05	1.4	-32.682	29.768
1.3457e+05	3.2495	-32.668	29.726
1.3459e+05	2.1329	-32.631	29.609
1.346e+05	4.7205	-32.615	29.557
1.3474e+05	1.4063	-32.404	28.896
1.3483e+05	2.1125	-32.267	28.466
1.3487e+05	3.1301	-32.203	28.267
1.349e+05	1.6933	-32.165	28.148
1.3502e+05	5.124	-31.976	27.556
1.3516e+05	1.2266	-31.775	26.925
1.3522e+05	4.7157	-31.674	26.607
1.3524e+05	4.8615	-31.65	26.531
1.3527e+05	3.9789	-31.61	26.408
1.3527e+05	5.5251	-31.598	26.37
1.3532e+05	3.1113	-31.523	26.133
1.3534e+05	0.072662	-31.497	26.052
1.3537e+05	5.0472	-31.453	25.915
1.3538e+05	6.151	-31.442	25.882
1.3538e+05	0.57722	-31.435	25.858
1.3539e+05	1.8332	-31.421	25.815
1.3545e+05	1.1621	-31.334	25.54
1.3546e+05	4.1413	-31.321	25.502
1.3547e+05	1.3097	-31.308	25.46
1.355e+05	2.0101	-31.253	25.288
1.3559e+05	1.6138	-31.12	24.871
1.3561e+05	4.6583	-31.094	24.791
1.3566e+05	0.35093	-31.019	24.553
1.3568e+05	4.3871	-30.981	24.435
1.3575e+05	2.6404	-30.88	24.117
1.3577e+05	2.0563	-30.842	23.998
1.3579e+05	5.2401	-30.817	23.922
1.3582e+05	5.2847	-30.766	23.761
1.3583e+05	0.37373	-30.754	23.723
1.3587e+05	0.62395	-30.691	23.525
1.3588e+05	0.8865	-30.679	23.487
1.3591e+05	3.6848	-30.64	23.367
1.3594e+05	3.2539	-30.59	23.21
1.3595e+05	5.0142	-30.577	23.17
1.3596e+05	0.39367	-30.566	23.135
1.3597e+05	2.6891	-30.554	23.095
1.3597e+05	4.9353	-30.542	23.059
1.3599e+05	2.5234	-30.516	22.978
1.3601e+05	2.887	-30.484	22.877
1.3602e+05	5.6987	-30.449	22.766
1.3604e+05	2.8477	-30.416	22.664
1.3606e+05	0.38331	-30.386	22.57
1.3609e+05	2.3709	-30.344	22.437
1.3609e+05	3.1579	-30.338	22.42
1.3612e+05	2.8405	-30.288	22.262
1.3614e+05	5.3698	-30.263	22.185
1.3616e+05	1.8225	-30.237	22.103
1.3617e+05	5.0334	-30.211	22.022
1.3623e+05	1.7002	-30.122	21.743
1.3624e+05	2.8013	-30.112	21.71
1.3628e+05	3.3037	-30.053	21.525
1.3629e+05	5.2094	-30.036	21.473
1.3632e+05	3.298	-29.997	21.35
1.3633e+05	5.4991	-29.977	21.288
1.3635e+05	2.4402	-29.951	21.207
1.3636e+05	5.6689	-29.926	21.126
1.3637e+05	6.24	-29.921	21.112
1.3638e+05	2.4422	-29.901	21.05
1.3639e+05	5.1429	-29.879	20.979
1.364e+05	5.4835	-29.876	20.97
1.3645e+05	1.2643	-29.8	20.733
1.3645e+05	1.8438	-29.796	20.719
1.3646e+05	4.4372	-29.774	20.653
1.3648e+05	0.62465	-29.75	20.577
1.365e+05	1.7143	-29.725	20.496
1.3651e+05	5.0657	-29.699	20.415
1.3653e+05	1.6282	-29.674	20.339
1.3662e+05	3.3962	-29.543	19.927
1.3671e+05	0.13396	-29.401	19.481
1.3682e+05	0.62863	-29.239	18.974
1.3705e+05	5.6651	-28.881	17.852
1.3706e+05	6.2125	-28.874	17.828
1.3709e+05	0.37275	-28.823	17.669
1.3712e+05	4.6059	-28.787	17.556
1.3726e+05	0.050778	-28.565	16.862
1.3728e+05	1.144	-28.544	16.795
1.3729e+05	4.1262	-28.52	16.719
1.3736e+05	4.4007	-28.414	16.389
1.374e+05	3.8331	-28.357	16.208
1.3747e+05	2.1211	-28.256	15.893
1.375e+05	2.001	-28.206	15.734
1.3755e+05	4.02	-28.131	15.501
1.3769e+05	5.1198	-27.924	14.851
1.3771e+05	2.7478	-27.885	14.731
1.3774e+05	1.6522	-27.839	14.585
1.3804e+05	4.098	-27.393	13.187
1.3804e+05	5.7008	-27.381	13.149
1.3808e+05	6.1254	-27.334	13.002
1.3812e+05	4.4041	-27.26	12.769
1.3868e+05	3.7189	-26.414	10.118
1.3871e+05	2.0203	-26.374	9.9907
1.3874e+05	0.19197	-26.336	9.8725
1.389e+05	1.8481	-26.093	9.1124
1.3958e+05	2.7644	-25.052	5.8467
1.4029e+05	3.2441	-24.805	5.7208
1.4071e+05	4.5208	-23.882	5.6047
1.4125e+05	5.3122	-22.233	5.0301
1.4126e+05	1.8237	-22.158	5.004
1.4133e+05	1.2441	-21.843	4.894
1.414e+05	5.1736	-21.538	4.7874
1.4142e+05	2.9032	-21.411	4.7431
1.4149e+05	5.2929	-21.073	4.6252
1.4167e+05	2.2634	-20.239	4.334
1.418e+05	3.7482	-19.611	4.1147
1.4182e+05	0.70098	-19.533	4.0875
1.4184e+05	4.9311	-19.426	4.0502
1.4188e+05	2.2852	-19.279	3.9988
1.4207e+05	1.386	-18.359	3.6775
1.4244e+05	4.5637	-16.634	3.0752
1.4244e+05	4.8959	-16.625	3.0719
1.4261e+05	1.3296	-15.806	2.786
1.4288e+05	3.1858	-14.558	2.3503
1.4322e+05	1.7738	-12.949	1.7884
1.4325e+05	1.3611	-12.805	1.738
1.4335e+05	4.9754	-12.361	1.583
1.4348e+05	0.94236	-11.768	1.3759
1.4355e+05	1.9832	-11.344	1.228
1.4373e+05	3.3401	-10.496	0.93187
1.438e+05	0.81212	-10.134	0.80556
1.4385e+05	1.4334	-9.9382	0.73716
1.4391e+05	4.0682	-9.6931	0.65155
1.4422e+05	5.3283	-8.1682	0.11909
1.4446e+05	2.2272	-7.0734	-0.26319
1.445e+05	4.3871	-6.8763	-0.33199
1.4458e+05	0.78923	-6.4864	-0.46814
1.4475e+05	5.5189	-5.6991	-0.74307
1.4512e+05	3.6295	-3.9388	-1.3577
1.4524e+05	0.35143	-3.3914	-1.5489
1.4563e+05	1.4544	-1.5469	-2.1929
1.4585e+05	1.5962	-0.53649	-2.5457
1.4619e+05	0.28137	1.073	-3.1077
1.464e+05	1.1792	2.0592	-3.4521
1.4644e+05	1.416	2.246	-3.5173
1.4662e+05	2.3812	3.1111	-3.8194
1.4666e+05	5.2445	3.2861	-3.8805
1.4698e+05	3.5518	4.7841	-4.4036
1.4707e+05	1.676	5.2315	-4.5598
1.4709e+05	3.7907	5.2975	-4.5828
1.4725e+05	5.209	6.0531	-4.8467
1.4726e+05	0.58955	6.0885	-4.859
1.474e+05	3.1361	6.8417	-5.122
1.4747e+05	0.72592	7.1557	-5.2316
1.4755e+05	6.0764	7.54	-5.3658
1.4759e+05	2.0639	7.7144	-5.4269
1.4761e+05	6.2441	7.7522	-5.4425
1.4766e+05	3.5004	7.7296	-5.444
1.484e+05	0.242	7.6747	-5.7892
1.4851e+05	0.31172	7.6583	-6.1808
1.4852e+05	5.6229	7.6623	-6.2476
1.4894e+05	3.9409	8.4096	-7.7728
1.4917e+05	2.9058	8.8456	-8.0909
1.4992e+05	5.302	11.066	-9.7982
1.5017e+05	5.7732	11.921	-10.675
1.5029e+05	1.6222	12.353	-11.118
1.5072e+05	4.5048	13.598	-12.869
1.5074e+05	0.067904	13.623	-12.912
1.51e+05	0.48013	14.273	-14.053
1.511e+05	5.2829	14.529	-14.501
1.5112e+05	0.81118	14.582	-14.595
1.5121e+05	3.61	14.816	-15.072
1.5123e+05	0.42095	14.848	-15.153
1.5123e+05	0.61234	14.85	-15.158
1.5155e+05	3.3648	15.065	-16.641
1.517e+05	4.895	14.927	-17.379
1.5172e+05	5.1023	14.906	-17.445
1.5198e+05	2.3368	14.278	-18.608
1.5199e+05	4.6171	14.253	-18.638
1.5202e+05	4.919	14.169	-18.736
1.5208e+05	4.7303	13.946	-18.964
1.5233e+05	1.1825	12.892	-19.651
1.5246e+05	5.4143	12.275	-19.85
1.5264e+05	2.2603	11.395	-19.934
1.5266e+05	4.3659	11.331	-19.931
1.5272e+05	0.9026	11.038	-19.906
1.5282e+05	1.1287	10.514	-19.798
1.529e+05	1.2655	10.15	-19.672
1.5303e+05	4.6256	9.5564	-19.365
1.5318e+05	0.053678	8.9324	-18.98
1.5359e+05	4.4052	7.1899	-17.907
1.5374e+05	2.7135	6.5593	-17.519
1.5379e+05	3.9226	6.3535	-17.392
1.5396e+05	6.0162	5.6119	-16.936
1.542e+05	1.2765	4.6056	-16.316
1.5428e+05	5.176	4.2571	-16.102
1.5442e+05	3.5678	3.6962	-15.756
1.5452e+05	2.8799	3.2637	-15.49
1.5478e+05	6.2172	2.1531	-14.806
1.551e+05	1.792	0.71846	-13.923
1.5512e+05	5.3607	0.62888	-13.868
1.5523e+05	1.6476	0.1601	-13.579
1.5526e+05	5.3182	0.062934	-13.519
1.5539e+05	3.4375	-0.51466	-13.163
1.5543e+05	0.58286	-0.68661	-13.058
1.5545e+05	4.0648	-0.75034	-13.018
1.556e+05	5.1701	-1.3848	-12.628
1.5563e+05	4.1185	-1.5253	-12.541
1.5564e+05	5.3069	-1.5594	-12.52
1.5566e+05	1.5209	-1.6312	-12.476
1.5573e+05	1.7273	-1.9481	-12.281
1.5578e+05	4.5576	-2.1603	-12.15
1.5582e+05	3.9959	-2.3035	-12.062
1.5589e+05	3.7523	-2.6223	-11.866
1.5596e+05	4.5244	-2.9013	-11.694
1.5601e+05	5.7464	-3.1192	-11.56
1.5602e+05	0.95599	-3.1539	-11.538
1.5606e+05	2.8773	-3.3243	-11.433
1.5606e+05	3.6643	-3.3411	-11.423
1.5618e+05	3.7688	-3.8518	-11.109
1.5621e+05	4.3717	-3.9595	-11.042
1.5633e+05	3.5609	-4.5004	-10.709
1.5636e+05	2.6874	-4.6062	-10.644
1.5638e+05	0.038477	-4.7054	-10.583
1.564e+05	2.7997	-4.7743	-10.541
1.5643e+05	1.6463	-4.8982	-10.464
1.5644e+05	3.1786	-4.9286	-10.446
1.5658e+05	4.9985	-5.5512	-10.062
1.566e+05	1.8534	-5.623	-10.018
1.5672e+05	3.9341	-6.1622	-9.686
1.5674e+05	5.789	-6.2039	-9.6603
1.5675e+05	1.7959	-6.2585	-9.6266
1.5676e+05	3.0478	-6.2911	-9.6066
1.5677e+05	5.1333	-6.3628	-9.5624
1.5682e+05	6.0122	-6.5767	-9.4307
1.5687e+05	1.768	-6.7901	-9.2993
1.5688e+05	3.3779	-6.8243	-9.2783
1.569e+05	0.20865	-6.8966	-9.2338
1.5692e+05	2.966	-6.9638	-9.1924
1.5693e+05	5.3245	-7.0349	-9.1486
1.5695e+05	1.5465	-7.1063	-9.1046
1.5696e+05	2.513	-7.1402	-9.0838
1.5698e+05	0.41373	-7.2463	-9.0184
1.5699e+05	2.1448	-7.2845	-8.9949
1.5701e+05	5.1963	-7.3522	-8.9532
1.5702e+05	2.2043	-7.424	-8.909
1.5703e+05	3.4403	-7.4578	-8.8882
1.5705e+05	5.9083	-7.5298	-8.8438
1.5706e+05	1.7229	-7.5981	-8.8018
1.5709e+05	5.4702	-7.7175	-8.7283
1.5712e+05	2.6486	-7.8109	-8.6708
1.5716e+05	3.9108	-7.9887	-8.5613
1.5716e+05	5.3389	-8.0226	-8.5404
1.572e+05	4.8924	-8.1665	-8.4518
1.5721e+05	6.2046	-8.2004	-8.431
1.5723e+05	4.5261	-8.3058	-8.366
1.5724e+05	0.91268	-8.3565	-8.3349
1.5725e+05	1.975	-8.3776	-8.3218
1.5727e+05	0.43741	-8.4837	-8.2565
1.5729e+05	3.7077	-8.5562	-8.2119
1.5733e+05	6.0077	-8.7309	-8.1043
1.5737e+05	2.6295	-8.9059	-7.9966
1.5739e+05	5.1336	-8.9642	-7.9607
1.5739e+05	5.4746	-8.9725	-7.9555
1.5741e+05	1.9763	-9.0446	-7.9111
1.5742e+05	4.3517	-9.1048	-7.8741
1.5742e+05	4.8049	-9.1178	-7.8661
1.5743e+05	5.7024	-9.1524	-7.8448
1.5745e+05	2.6477	-9.2475	-7.7862
1.5747e+05	5.4878	-9.3207	-7.7412
1.5748e+05	0.89182	-9.368	-7.712
1.575e+05	2.026	-9.4413	-7.6669
1.5755e+05	6.2258	-9.6762	-7.5223
1.5757e+05	2.5682	-9.73	-7.4891
1.576e+05	2.6973	-9.8457	-7.4179
1.576e+05	3.4339	-9.8624	-7.4076
1.576e+05	4.3022	-9.8833	-7.3947
1.5762e+05	1.1273	-9.9551	-7.3505
1.5764e+05	4.3584	-10.027	-7.306
1.5765e+05	1.168	-10.096	-7.264
1.5767e+05	0.41679	-10.181	-7.2116
1.5776e+05	3.2984	-10.545	-6.9875
1.578e+05	2.6017	-10.695	-6.8947
1.5786e+05	0.96183	-10.981	-6.7191
1.5798e+05	4.3873	-11.483	-6.4095
1.58e+05	1.3314	-11.572	-6.3547
1.5824e+05	5.2421	-12.583	-5.7325
1.5843e+05	1.2982	-13.379	-5.2423
1.592e+05	1.9456	-16.697	-3.1993
1.5922e+05	2.3488	-16.825	-3.1207
1.5926e+05	2.6588	-16.979	-3.0256
1.5933e+05	0.71113	-17.268	-2.8474
1.5958e+05	6.0022	-18.305	-2.2091
1.598e+05	2.7458	-19.197	-1.5007
1.5985e+05	5.3793	-19.362	-1.335
1.6024e+05	1.8838	-20.722	0.024068
1.6061e+05	5.1352	-22.029	1.3298
1.6064e+05	4.7011	-22.152	1.4527
1.6137e+05	4.6639	-22.474	2.177
1.618e+05	3.9135	-22.179	3.1949
1.6184e+05	5.3787	-22.174	3.394
1.6185e+05	1.4509	-22.178	3.4656
1.6192e+05	1.0545	-22.229	3.8171
1.6195e+05	5.1665	-22.249	3.9221
1.621e+05	3.5738	-22.265	3.9991
1.6222e+05	4.614	-22.362	4.4621
1.6223e+05	6.15	-22.37	4.5025
1.6237e+05	6.1724	-22.532	5.2809
1.625e+05	0.98335	-22.664	5.9126
1.6252e+05	4.1487	-22.684	6.0085
1.6264e+05	5.8173	-22.8	6.5674
1.6266e+05	4.9439	-22.827	6.6938
1.6283e+05	2.5252	-22.992	7.4889
1.6323e+05	2.0256	-23.402	9.4543
1.6325e+05	5.5406	-23.425	9.5649
1.6329e+05	0.54926	-23.464	9.7543
1.634e+05	3.7995	-23.568	10.252
1.634e+05	5.1402	-23.574	10.281
1.6386e+05	5.2854	-24.036	12.496
1.6387e+05	2.2506	-24.054	12.582
1.639e+05	6.2647	-24.079	12.703
1.641e+05	0.29898	-24.283	13.683
1.6412e+05	3.4451	-24.299	13.761
1.6416e+05	1.6196	-24.35	14.004
1.6423e+05	4.7695	-24.418	14.332
1.6425e+05	1.9569	-24.436	14.415
1.6426e+05	4.7964	-24.452	14.493
1.6427e+05	5.8214	-24.458	14.522
1.6428e+05	1.5407	-24.469	14.576
1.643e+05	2.8193	-24.486	14.657
1.6432e+05	5.2926	-24.502	14.734
1.6433e+05	1.6082	-24.519	14.815
1.6435e+05	4.8502	-24.536	14.897
1.6436e+05	0.94057	-24.553	14.976
1.6437e+05	2.877	-24.56	15.011
1.6438e+05	5.1059	-24.57	15.061
1.644e+05	1.4655	-24.588	15.145
1.6445e+05	3.6601	-24.639	15.388
1.6448e+05	3.0681	-24.672	15.55
1.645e+05	5.2972	-24.686	15.614
1.6452e+05	2.3552	-24.706	15.711
1.6475e+05	4.1798	-24.949	16.876
1.6477e+05	1.4565	-24.969	16.975
1.6486e+05	4.0774	-25.053	17.377
1.6492e+05	5.0434	-25.121	17.704
1.6499e+05	1.6699	-25.189	18.031
1.65e+05	3.9807	-25.201	18.088
1.6502e+05	1.5414	-25.222	18.188
1.6509e+05	5.2977	-25.291	18.521
1.6512e+05	4.1979	-25.325	18.681
1.6514e+05	0.29397	-25.342	18.762
1.6516e+05	2.8678	-25.358	18.838
1.6517e+05	5.6616	-25.375	18.921
1.6519e+05	1.9838	-25.392	19.004
1.6527e+05	2.1737	-25.477	19.409
1.6529e+05	4.9871	-25.494	19.492
1.6534e+05	1.7124	-25.545	19.735
1.6539e+05	4.4444	-25.596	19.98
1.6541e+05	0.78084	-25.612	20.056
1.6547e+05	0.52682	-25.679	20.382
1.6564e+05	4.7286	-25.849	21.197
1.6577e+05	1.8093	-25.984	21.846
1.6582e+05	5.4593	-26.035	22.089
1.6594e+05	0.48571	-26.154	22.659
1.6602e+05	3.8838	-26.236	23.054
1.6604e+05	0.78824	-26.254	23.138
1.662e+05	5.8931	-26.434	24.003
1.6624e+05	1.0634	-26.466	24.204
1.6642e+05	6.2762	-26.47	25.073
1.6687e+05	5.6501	-25.563	27.074
1.6699e+05	0.51298	-25.126	27.472
1.6704e+05	1.9374	-24.924	27.617
1.6709e+05	3.3625	-24.712	27.748
1.6737e+05	3.5894	-23.425	28.183
1.6757e+05	2.3689	-22.401	28.176
1.6787e+05	3.2864	-21.037	27.669
1.679e+05	4.2061	-20.897	27.576
1.6794e+05	0.70446	-20.733	27.455
1.6804e+05	3.1271	-20.362	27.123
1.6808e+05	3.4461	-20.241	27.004
1.6809e+05	0.11737	-20.184	26.948
1.6827e+05	0.12532	-19.565	26.343
1.6846e+05	2.802	-18.878	25.672
1.6886e+05	0.75134	-17.453	24.28
1.6887e+05	2.1159	-17.425	24.253
1.6903e+05	4.8467	-16.855	23.696
1.6925e+05	1.6278	-16.06	22.919
1.6933e+05	2.7104	-15.773	22.639
1.6946e+05	1.3883	-15.321	22.196
1.696e+05	4.3016	-14.807	21.695
1.7009e+05	6.2631	-13.028	19.956
1.701e+05	2.7708	-12.971	19.9
1.7038e+05	1.009	-11.998	18.949
1.7046e+05	4.1363	-11.698	18.656
1.706e+05	2.6985	-11.188	18.159
1.7075e+05	1.3607	-10.657	17.639
1.7077e+05	5.0278	-10.593	17.577
1.7079e+05	2.2492	-10.533	17.519
1.7083e+05	4.0369	-10.386	17.375
1.7088e+05	0.23383	-10.18	17.174
1.7091e+05	3.3531	-10.099	17.094
1.7097e+05	1.7681	-9.8868	16.876
1.711e+05	4.3133	-9.4879	16.342
1.7112e+05	0.13402	-9.4521	16.288
1.7153e+05	6.0784	-8.3019	14.566
1.7161e+05	0.77335	-8.0838	14.24
1.7197e+05	2.8832	-7.0914	12.754
1.7209e+05	4.6848	-6.7717	12.276
1.721e+05	1.2695	-6.7274	12.21
1.7221e+05	1.0022	-6.3902	11.778
1.7226e+05	2.149	-6.2189	11.595
1.7232e+05	5.633	-6.0354	11.399
1.7245e+05	3.0341	-5.5696	10.901
1.7262e+05	2.3219	-5.0153	10.308
1.7345e+05	2.4864	-2.1816	7.2794
1.736e+05	5.8951	-1.5977	6.6552
1.7394e+05	4.93	-0.46169	5.4409
1.7405e+05	2.3172	-0.070015	5.0222
1.7419e+05	4.3265	0.38414	4.5368
1.7429e+05	5.4294	0.72543	4.1719
1.7434e+05	1.2195	0.89487	3.9908
1.7476e+05	3.9103	2.3403	2.4458
1.7488e+05	1.8386	2.76	1.9971
1.7526e+05	1.2424	4.0179	0.6525
1.7528e+05	6.1658	4.0985	0.56637
1.7529e+05	2.6675	4.1503	0.51093
1.7546e+05	1.6105	4.7118	-0.089274
1.7548e+05	4.7592	4.7692	-0.15058
1.7549e+05	1.7301	4.8265	-0.21184
1.755e+05	3.8517	4.8636	-0.25154
1.7556e+05	1.9192	5.0503	-0.45111
1.757e+05	1.9087	5.5476	-0.98264
1.7573e+05	5.7155	5.6189	-1.0589
1.7578e+05	1.3932	5.7884	-1.24
1.7579e+05	4.6742	5.846	-1.3017
1.758e+05	5.4348	5.8596	-1.3162
1.7584e+05	4.2222	6.0025	-1.4689
1.7584e+05	5.0457	6.0162	-1.4836
1.7589e+05	2.9224	6.1871	-1.6662
1.7595e+05	1.0723	6.3839	-1.8766
1.7598e+05	1.1514	6.4679	-1.9665
1.7598e+05	2.1331	6.485	-1.9847
1.7601e+05	1.3145	6.5847	-2.0912
1.7603e+05	4.1138	6.6471	-2.158
1.7609e+05	5.8196	6.8733	-2.3998
1.7611e+05	2.6601	6.9247	-2.4547
1.7611e+05	3.3466	6.9376	-2.4685
1.7613e+05	5.9723	6.98	-2.5138
1.7613e+05	2.1491	7.0065	-2.5421
1.7614e+05	5.5166	7.0365	-2.5742
1.7618e+05	5.2564	7.1496	-2.6951
1.762e+05	2.7406	7.2354	-2.7868
1.7622e+05	5.6954	7.2928	-2.8482
1.7624e+05	2.3668	7.3498	-2.9091
1.7626e+05	1.5442	7.441	-3.0066
1.7627e+05	2.6579	7.4614	-3.0284
1.7628e+05	5.7916	7.5194	-3.0904
1.7629e+05	1.1128	7.5468	-3.1197
1.7632e+05	5.8816	7.6323	-3.2111
1.7632e+05	0.32894	7.646	-3.2257
1.7633e+05	1.068	7.6596	-3.2403
1.7634e+05	3.8986	7.7177	-3.3024
1.7638e+05	3.507	7.8301	-3.4225
1.7641e+05	3.2116	7.9417	-3.5417
1.7643e+05	4.2397	7.9992	-3.6032
1.7644e+05	2.1938	8.0574	-3.6655
1.7646e+05	5.6999	8.1133	-3.7254
1.7649e+05	5.5245	8.231	-3.8511
1.7651e+05	1.8745	8.2838	-3.9069
1.7658e+05	1.9357	8.5173	-4.1604
1.7659e+05	5.0578	8.5669	-4.2108
1.766e+05	0.13579	8.5838	-4.2253
1.7661e+05	1.5221	8.5965	-4.2339
1.7663e+05	4.5753	8.6135	-4.2375
1.7664e+05	1.1797	8.6234	-4.2304
1.7666e+05	4	8.6327	-4.2226
1.7666e+05	4.8073	8.6358	-4.2204
1.7668e+05	1.7847	8.6497	-4.2117
1.7669e+05	3.1044	8.6551	-4.2085
1.767e+05	4.3542	8.6603	-4.2053
1.7672e+05	0.97973	8.6714	-4.198
1.7674e+05	3.9369	8.6833	-4.1901
1.7674e+05	4.884	8.6895	-4.1861
1.7676e+05	0.81301	8.7031	-4.1774
1.7678e+05	4.3284	8.7247	-4.164
1.7679e+05	5.009	8.73	-4.1607
1.7683e+05	5.3727	8.7418	-4.1534
1.7685e+05	3.1344	8.7438	-4.1522
1.769e+05	1.0652	8.7436	-4.1523
1.7692e+05	5.1139	8.7435	-4.1524
1.7692e+05	5.7054	8.7435	-4.1524
1.7694e+05	2.9102	8.7436	-4.1523
1.7694e+05	4.8119	8.7436	-4.1523
1.7695e+05	6.0908	8.7437	-4.1523
1.7697e+05	5.4624	8.7437	-4.1523
1.7704e+05	3.3761	8.7436	-4.1523
1.7705e+05	0.053313	8.7436	-4.1523
1.7706e+05	2.924	8.7436	-4.1523
1.7709e+05	0.41829	8.7436	-4.1523
1.7716e+05	5.4449	8.7436	-4.1523
1.7741e+05	3.1668	8.7436	-4.1523
1.7748e+05	2.1344	8.7436	-4.1523
1.7771e+05	1.4162	8.7436	-4.1523
1.7778e+05	0.13524	8.7436	-4.1523
1.7792e+05	5.6701	8.7436	-4.1523
1.7826e+05	0.020764	8.4147	-4.2534
1.7834e+05	1.5576	8.0259	-4.356
1.7867e+05	4.7286	6.4476	-4.7778
1.7878e+05	2.5222	5.9482	-4.9114
1.7893e+05	4.7943	5.2327	-5.1958
1.7906e+05	1.6053	4.6842	-5.5394
1.7933e+05	4.062	3.5862	-6.268
1.796e+05	1.3409	2.4584	-7.0167
1.7962e+05	4.512	2.3922	-7.0607
1.7963e+05	1.1996	2.3259	-7.1047
1.7976e+05	1.1756	1.7743	-7.4708
1.7981e+05	2.9783	1.596	-7.5892
1.7987e+05	2.0359	1.3176	-7.774
1.7989e+05	0.073546	1.2348	-7.829
1.7992e+05	5.8075	1.1112	-7.911
1.8e+05	5.1961	0.77577	-8.1337
1.8002e+05	4.2478	0.71608	-8.1733
1.8002e+05	5.4955	0.69623	-8.1865
1.8007e+05	2.6547	0.50983	-8.3103
1.8012e+05	4.6786	0.29978	-8.4495
1.8014e+05	1.4222	0.23065	-8.4954
1.8054e+05	3.6979	-1.291	-9.7835
1.8076e+05	1.6327	-2.1399	-10.537
1.8101e+05	2.6541	-3.0407	-11.337
1.8127e+05	3.1832	-4.096	-12.274
1.8139e+05	5.1781	-4.5222	-12.652
1.8146e+05	2.6494	-4.7788	-12.88
1.815e+05	1.4812	-4.9304	-13.014
1.8173e+05	4.8694	-5.8014	-13.787
1.8176e+05	4.3945	-5.9246	-13.897
1.8179e+05	2.1467	-6.0102	-13.973
1.8208e+05	5.3462	-7.0789	-14.922
1.8224e+05	3.0275	-7.7006	-15.473
1.8226e+05	3.427	-7.7861	-15.549
1.8236e+05	6.0504	-8.1244	-15.85
1.8237e+05	2.6403	-8.1845	-15.903
1.8247e+05	0.69484	-8.5388	-16.218
1.8248e+05	3.9081	-8.6032	-16.275
1.8261e+05	5.1603	-9.0629	-16.683
1.827e+05	2.1739	-9.4052	-16.987
1.8279e+05	4.2447	-9.7439	-17.287
1.8284e+05	2.1006	-9.9342	-17.456
1.8317e+05	2.8128	-11.14	-18.527
1.8317e+05	2.9753	-11.144	-18.53
1.8323e+05	2.1916	-11.393	-18.751
1.8326e+05	0.45432	-11.506	-18.851
1.8327e+05	0.817	-11.513	-18.858
1.8356e+05	1.9057	-12.664	-19.744
1.8397e+05	5.6081	-14.456	-20.71
1.8406e+05	3.8354	-14.86	-20.928
1.8413e+05	1.3227	-15.176	-21.114
1.8422e+05	4.7741	-15.518	-21.365
1.8426e+05	0.45459	-15.66	-21.475
1.8427e+05	2.6441	-15.707	-21.511
1.844e+05	5.7766	-16.231	-21.915
1.8454e+05	4.7238	-16.785	-22.341
1.8478e+05	0.28793	-17.741	-23.077
1.8498e+05	3.7934	-18.568	-23.714
1.8514e+05	1.4238	-19.224	-24.219
1.8519e+05	4.5749	-19.415	-24.366
1.8529e+05	2.8881	-19.797	-24.646
1.8531e+05	0.069613	-19.87	-24.703
1.854e+05	1.9943	-20.221	-24.964
1.8581e+05	5.9736	-20.276	-25
1.8592e+05	0.97797	-20.276	-25
1.8594e+05	0.92644	-20.276	-25
1.8639e+05	0.97391	-21.505	-24.191
1.8644e+05	2.9213	-21.648	-24.038
1.8656e+05	0.875	-22.009	-23.551
1.8706e+05	5.1419	-22.654	-21.145
1.8708e+05	0.61453	-22.666	-21.065
1.8729e+05	0.14634	-22.816	-20.007
1.8741e+05	4.1995	-22.897	-19.44
1.8742e+05	0.5096	-22.909	-19.356
1.8764e+05	4.2836	-23.057	-18.317
1.8774e+05	5.2379	-23.134	-17.779
1.8779e+05	0.29722	-23.165	-17.558
1.8781e+05	3.2396	-23.179	-17.459
1.879e+05	1.3817	-23.244	-17.006
1.8793e+05	2.9567	-23.265	-16.858
1.8796e+05	2.668	-23.285	-16.715
1.8796e+05	2.8623	-23.286	-16.71
1.8802e+05	6.2412	-23.327	-16.424
1.8823e+05	4.002	-23.474	-15.393
1.8845e+05	1.775	-23.631	-14.288
1.8854e+05	1.0028	-23.666	-13.88
1.8866e+05	3.256	-23.644	-13.177
1.8871e+05	5.3661	-23.634	-12.945
1.8883e+05	2.1974	-23.608	-12.344
1.8885e+05	0.15958	-23.602	-12.214
1.889e+05	2.3256	-23.591	-11.975
1.8899e+05	3.9271	-23.573	-11.558
1.8935e+05	2.1333	-23.494	-9.7279
1.8939e+05	0.36526	-23.486	-9.5634
1.8954e+05	4.1229	-23.453	-8.7927
1.8983e+05	6.0095	-23.391	-7.3705
1.899e+05	5.3082	-23.375	-6.9973
1.8995e+05	4.9683	-23.364	-6.7487
1.9028e+05	5.5737	-23.293	-5.1276
1.9045e+05	0.59724	-23.257	-4.297
1.9074e+05	0.10132	-23.194	-2.8596
1.9103e+05	3.6258	-23.13	-1.3908
1.9105e+05	1.1274	-23.127	-1.3117
1.913e+05	2.5859	-23.071	-0.036368
1.9141e+05	5.3455	-23.048	0.50039
1.9178e+05	1.0408	-22.637	2.0011
1.9188e+05	5.3865	-22.515	2.1824
1.9211e+05	0.35985	-22.518	2.1769
1.9255e+05	1.6319	-22.518	2.177
1.9267e+05	5.7199	-22.518	2.177
1.9278e+05	4.7135	-22.518	2.177
1.9281e+05	3.3162	-22.518	2.177
1.9281e+05	3.6789	-22.518	2.177
1.9284e+05	1.873	-22.518	2.177
1.9289e+05	4.772	-22.518	2.1769
1.9292e+05	4.6314	-22.519	2.1771
1.9294e+05	1.812	-22.519	2.1771
1.9296e+05	5.4937	-22.517	2.1766
1.93e+05	0.81135	-22.519	2.1772
1.9306e+05	2.2828	-22.472	2.166
1.9308e+05	5.0632	-22.41	2.1508
1.9309e+05	5.8354	-22.394	2.1465
1.9313e+05	0.62897	-22.181	2.0866
1.9315e+05	2.9641	-22.103	2.0637
1.9318e+05	2.1807	-21.939	2.0166
1.9323e+05	4.3154	-21.702	1.9484
1.9325e+05	0.951	-21.606	1.9208
1.9326e+05	3.2588	-21.543	1.9026
1.9328e+05	6.0368	-21.461	1.879
1.9333e+05	1.9705	-21.223	1.8115
1.9335e+05	3.9731	-21.146	1.7885
1.9336e+05	0.50879	-21.064	1.762
1.9338e+05	3.282	-20.981	1.7338
1.9344e+05	4.6578	-20.735	1.6354
1.9344e+05	6.2729	-20.695	1.6173
1.9345e+05	0.57269	-20.682	1.6112
1.9348e+05	5.9631	-20.548	1.5456
1.935e+05	3.6254	-20.46	1.4986
1.9352e+05	0.47434	-20.386	1.4569
1.9355e+05	6.1509	-20.226	1.3574
1.936e+05	2.8274	-20.022	1.2137
1.9366e+05	5.6843	-19.8	1.0302
1.9378e+05	0.14348	-19.399	0.60778
1.9382e+05	0.25809	-19.276	0.44558
1.9382e+05	0.94993	-19.264	0.42936
1.9384e+05	3.1971	-19.228	0.37614
1.9384e+05	3.8636	-19.216	0.35963
1.9385e+05	6.1051	-19.181	0.30547
1.9386e+05	0.52936	-19.17	0.28868
1.9387e+05	2.0795	-19.138	0.23804
1.9389e+05	4.5043	-19.094	0.16569
1.9391e+05	2.1222	-19.04	0.076109
1.9394e+05	1.3619	-18.967	-0.048423
1.9397e+05	0.97745	-18.883	-0.21112
1.9404e+05	3.9629	-18.751	-0.51732
1.9406e+05	1.3612	-18.722	-0.597
1.9409e+05	1.8854	-18.678	-0.73417
1.9413e+05	4.4358	-18.611	-0.95294
1.9414e+05	6.1694	-18.594	-1.0102
1.9418e+05	4.2206	-18.545	-1.1727
1.9419e+05	0.3163	-18.522	-1.249
1.9421e+05	2.6252	-18.502	-1.3109
1.9422e+05	5.4416	-18.479	-1.3869
1.9425e+05	4.0317	-18.437	-1.5301
1.9426e+05	5.2342	-18.427	-1.5685
1.9426e+05	5.9103	-18.422	-1.5877
1.9427e+05	0.32919	-18.417	-1.607
1.9427e+05	1.0459	-18.412	-1.6263
1.9429e+05	3.4443	-18.397	-1.6891
1.9429e+05	4.0152	-18.394	-1.7037
1.9431e+05	1.2254	-18.375	-1.7912
1.9433e+05	5.0637	-18.356	-1.894
1.9435e+05	3.1413	-18.341	-1.9925
1.9435e+05	4.8646	-18.338	-2.0173
80	4.6372	-8.9817	-1.8094
614	4.818	-8.9817	-1.8094
2966	6.0639	-1.2479	1.4798
3967	3.6684	2.705	-1.4801
7970	0.35494	7.8696	-5.1091
11006	1.3797	12.469	4.2023
14693	2.5232	19.701	21.164
17096	0.57153	13.869	22.022
22985	0.755	-12.414	9.191
24798	4.827	-20.731	5.5296
28223	4.25	-22.276	4.5332
28256	4.0298	-22.09	4.5261
29541	1.8346	-15.739	4.6914
31626	4.4978	-5.3836	6.1775
33761	3.6742	5.1355	7.687
34295	4.2372	7.7737	8.0656
36542	1.5015	18.944	9.116
37164	3.6965	22.029	9.3285
38232	5.4272	27.322	9.8362
39483	4.3208	31.213	10.217
42236	2.2944	24.235	6.5701
46156	5.3623	4.6779	5.0291
46373	3.8787	3.5959	4.9855
47341	4.7544	-1.2181	4.7917
47937	1.5488	-4.1809	4.6724
47958	4.284	-4.2861	4.6681
48225	0.885	-5.6134	4.6147
48392	1.73	-6.444	4.5812
49360	4.6391	-11.259	4.3873
51462	2.1669	-21.8	3.9632
52346	2.6445	-22.345	4.4219
53075	5.7958	-22.345	4.4219
53464	3.7836	-22.345	4.4219
56083	4.1854	-22.138	3.5727
61505	1.0483	-33.769	-20.334
63523	4.7704	-38.187	-29.352
67521	3.5602	-33.515	-38.546
68310	4.9054	-30.297	-36.293
69327	4.65	-26.084	-33.344
69377	1.142	-25.88	-33.201
70662	0.84041	-20.64	-29.532
71179	5.6472	-18.531	-28.056
72429	4.2749	-13.367	-24.44
73164	0.78123	-10.368	-22.341
73859	3.2893	-7.5727	-20.304
74047	4.5743	-6.8746	-19.685
77067	4.8239	4.821	-10.158
77550	0.34454	6.6555	-8.6014
78335	3.2669	7.8863	-7.1992
79602	2.8719	8.1663	-3.7633
80665	3.9041	9.5934	1.4193
81583	3.6026	11.195	5.6972
82572	4.3544	12.921	10.308
83790	3.6195	15.075	16.063
86042	2.9029	19.011	26.578
87960	2.2794	22.146	31.06
88611	3.4616	24.658	29.193
89044	5.2259	25.034	27.103
90229	0.55698	22.969	21.593
90996	3.2793	21.514	18.06
95278	5.537	12.715	-1.4446
95951	4.466	11.263	-4.209
95967	1.055	11.264	-4.2103
96701	2.947	11.278	-4.218
96875	3.1264	11.278	-4.218
98431	6.0038	11.278	-4.218
1.0035e+05	1.2155	12.866	-6.2927
1.0062e+05	0.33168	13.652	-7.3645
1.0167e+05	5.246	17.699	-10.648
1.0212e+05	5.0649	19.297	-12.214
1.0227e+05	0.043153	19.814	-12.77
1.0248e+05	0.19628	20.591	-13.585
1.0261e+05	3.2538	21.06	-13.961
1.0364e+05	4.2719	24.87	-17.363
1.0536e+05	0.54229	30.707	-23.644
1.0771e+05	2.3158	39.976	-27.916
1.1104e+05	3.8012	30.183	-18.32
1.1218e+05	1.289	24.663	-17.141
1.1516e+05	2.5498	10.338	-13.006
1.1536e+05	3.7112	9.4188	-12.621
1.1664e+05	3.4339	3.544	-10.165
1.1748e+05	5.09	-0.3795	-8.5238
1.179e+05	5.3678	-2.2996	-7.7209
1.1955e+05	0.31778	-9.6018	-4.0233
1.2155e+05	4.0208	-18.507	0.59614
1.226e+05	0.2565	-22.272	2.5717
1.2272e+05	0.040535	-22.254	2.6214
1.2329e+05	5.4116	-22.167	3.1912
1.2787e+05	3.1712	-31.638	21.355
1.2832e+05	3.8327	-32.3	23.527
1.3157e+05	1.8852	-37.889	35.986
1.3454e+05	5.2935	-32.707	29.843
1.3909e+05	0.54496	-25.805	8.2074
1.3979e+05	1.7133	-24.929	5.6983
1.4326e+05	1.7471	-12.795	1.7347
1.434e+05	2.1213	-12.095	1.4903
1.4342e+05	5.2611	-12.009	1.4601
1.4379e+05	4.2711	-10.206	0.83082
1.4501e+05	4.767	-4.4658	-1.1737
1.4588e+05	0.33081	-0.39062	-2.5967
1.4593e+05	5.5004	-0.15586	-2.6786
1.4631e+05	6.2	1.6471	-3.3082
1.4709e+05	4.1206	5.3069	-4.5861
1.4756e+05	2.9821	7.6138	-5.3913
1.4849e+05	2.8415	7.6564	-6.1192
1.493e+05	5.8739	8.9415	-8.153
1.5096e+05	0.75551	14.175	-13.881
1.5108e+05	2.2958	14.468	-14.396
1.5143e+05	1.9135	15.061	-16.019
1.5281e+05	4.7536	10.576	-19.815
1.5312e+05	1.4208	9.216	-19.155
1.5385e+05	1.5069	6.1093	-17.242
1.5732e+05	2.6736	-8.6672	-8.1435
1.5801e+05	2.5232	-11.617	-6.3274
1.5833e+05	5.129	-12.977	-5.49
1.5905e+05	4.4288	-16.071	-3.5847
1.614e+05	3.9345	-22.474	2.1764
1.6298e+05	5.4776	-23.148	8.236
1.646e+05	6.0125	-24.795	16.139
1.6465e+05	1.4517	-24.846	16.382
1.6649e+05	0.37732	-26.437	25.401
1.6662e+05	0.18785	-26.251	26.002
1.6669e+05	0.27074	-26.097	26.327
1.6736e+05	1.6962	-23.479	28.176
1.6766e+05	0.5286	-22.004	28.092
1.6856e+05	2.1799	-18.532	25.334
1.6858e+05	1.1502	-18.433	25.237
1.7157e+05	6.2393	-8.1863	14.393
1.7228e+05	4.8686	-6.1714	11.544
1.7318e+05	2.2186	-3.114	8.2761
1.7433e+05	4.6909	0.85478	4.0337
1.7471e+05	0.72764	2.1609	2.6375
1.7531e+05	5.4347	4.2073	0.45007
1.7547e+05	3.8362	4.7523	-0.13254
1.765e+05	1.1873	8.2707	-3.8931
1.7751e+05	1.1853	8.7436	-4.1523
1.7803e+05	4.1064	8.7433	-4.1524
1.7821e+05	2.393	8.7087	-4.1638
1.7822e+05	5.6365	8.6286	-4.1899
1.783e+05	5.1276	8.2654	-4.292
1.7871e+05	1.9265	6.2831	-4.8218
1.7884e+05	2.7419	5.6276	-5.0168
1.7888e+05	2.5071	5.4731	-5.0802
1.7986e+05	4.2312	1.3883	-7.7271
1.8026e+05	4.609	-0.25464	-8.8628
1.807e+05	1.3644	-1.8828	-10.309
1.826e+05	3.1573	-9.022	-16.646
1.8263e+05	2.6245	-9.1444	-16.755
1.8576e+05	5.4147	-20.276	-25
1.8773e+05	3.1101	-23.125	-17.838
1.8835e+05	4.6895	-23.56	-14.788
1.905e+05	2.9975	-23.245	-4.0233
1.917e+05	2.1204	-22.825	1.7752
1.9185e+05	6.1216	-22.517	2.179
1.9192e+05	4.2965	-22.519	2.1747
1.9244e+05	5.8632	-22.518	2.177
1.9487e+05	0.26291	-18.905	-4.4724
1.9489e+05	3.3489	-18.953	-4.5421
1.9533e+05	5.416	-20.465	-6.1616
1.9547e+05	4.6098	-20.947	-6.6571
1.9657e+05	1.6681	-24.801	-10.666
1.9767e+05	0.27908	-27.818	-15.229
1.9932e+05	4.6541	-32.67	-21.832
2.0044e+05	3.5905	-36.775	-25.736
2.0057e+05	3.5106	-37.245	-26.175
2.015e+05	1.0234	-40.123	-28.847
2.0239e+05	3.9493	-40.123	-28.847
2.0269e+05	2.5404	-40.123	-28.847
2.0286e+05	0.47468	-40.123	-28.847
2.0304e+05	1.9353	-40.123	-28.847
2.0309e+05	5.6682	-40.123	-28.847
2.0344e+05	3.014	-39.759	-28.049
2.0491e+05	4.5586	-36.638	-21.332
2.0514e+05	2.1896	-36.158	-20.298
2.0561e+05	6.2455	-35.168	-18.168
2.0617e+05	3.6302	-33.989	-15.63
2.0623e+05	5.8738	-33.874	-15.382
2.0627e+05	2.3482	-33.779	-15.178
2.0646e+05	3.548	-33.394	-14.348
2.0689e+05	4.0868	-32.475	-12.371
2.0708e+05	5.2897	-32.092	-11.546
2.0771e+05	0.4543	-30.737	-8.6292
2.0816e+05	4.9957	-29.783	-6.5745
2.0818e+05	1.3427	-29.747	-6.497
2.0851e+05	3.9271	-29.06	-5.0184
2.0856e+05	5.546	-28.955	-4.7921
2.0862e+05	4.2506	-28.814	-4.4885
2.0869e+05	1.3977	-28.674	-4.1868
2.0899e+05	2.162	-27.922	-2.9022
2.0906e+05	1.3565	-27.728	-2.6302
2.1018e+05	5.25	-24.777	1.1259
2.1228e+05	4.8756	-19.04	-0.72933
2.127e+05	1.1835	-17.368	-1.9589
2.1296e+05	3.3765	-16.326	-2.7477
2.1324e+05	2.9008	-15.205	-3.5959
2.133e+05	6.1373	-14.987	-3.7612
2.1433e+05	2.9106	-10.729	-6.6465
2.1475e+05	2.5219	-8.9696	-7.7482
2.1528e+05	0.46052	-6.6476	-9.202
2.1606e+05	2.9627	-3.362	-11.259
2.175e+05	1.6823	2.6896	-15.048
2.2242e+05	3.9182	24.252	-26.873
2.2273e+05	3.9136	25.7	-27.479
2.2342e+05	1.3959	28.597	-29.233
2.2365e+05	0.43014	29.579	-29.91
2.2498e+05	1.0395	35.113	-33.512
2.2772e+05	2.6789	39.613	-35.703
2.2899e+05	2.7922	35.416	-32.138
2.2907e+05	5.0785	35.111	-31.9
2.2915e+05	3.4199	34.786	-31.636
2.2946e+05	1.1257	33.817	-30.471
2.3234e+05	4.0037	24.574	-19.426
2.3267e+05	3.1851	23.367	-18.287
2.3439e+05	0.037239	17.107	-12.381
2.3444e+05	3.7471	16.906	-12.191
2.349e+05	4.7096	15.227	-10.619
2.3515e+05	0.9025	14.229	-9.8732
2.3517e+05	3.4035	14.166	-9.8263
2.352e+05	3	14.034	-9.7285
2.3534e+05	2.8538	13.478	-9.3155
2.3547e+05	2.6391	12.963	-8.9325
2.3608e+05	2.2615	11.276	-8.0553
2.3708e+05	1.4766	8.5333	-7.8819
2.3746e+05	5.963	6.9898	-6.7351
2.3798e+05	5.165	4.9057	-5.1868
2.3904e+05	2.0169	0.1913	-2.7522
2.3928e+05	1.9443	-0.92193	-2.4282
2.3934e+05	4.1154	-1.2477	-2.337
2.3938e+05	4.9628	-1.4016	-2.2939
2.3947e+05	2.0462	-1.8567	-2.1665
2.4061e+05	0.8725	-7.2936	-0.64445
2.4143e+05	4.2741	-11.317	0.48191
2.4226e+05	2.0865	-15.286	1.5931
2.4264e+05	2.5424	-17.147	2.1139
2.4306e+05	1.078	-19.145	2.6735
2.4309e+05	0.12973	-19.281	2.7113
2.4522e+05	2.5568	-22.265	4.2074
2.4545e+05	3.3557	-22.265	4.2074
2.4746e+05	1.5426	-14.612	5.2534
2.4753e+05	3.0851	-14.283	5.2982
2.4956e+05	2.8645	-4.4163	7.7783
2.5155e+05	6.0662	5.0228	10.674
2.5171e+05	5.8859	5.8142	10.917
2.5322e+05	3.3632	13.173	11.807
2.5371e+05	0.36105	15.569	11.661
2.5449e+05	2.32	19.202	12.986
2.5471e+05	2.6704	20.168	13.523
2.5498e+05	1.0223	21.207	14.155
2.5626e+05	2.6589	23.585	12.111
2.5651e+05	1.7702	23.523	10.898
2.5655e+05	1.5995	23.477	10.715
2.5801e+05	4.9975	19.44	4.6657
2.5828e+05	2.3819	18.576	3.6895
2.5986e+05	4.1428	13.317	-2.2479
2.6066e+05	4.797	10.621	-3.9206
2.6068e+05	2.6411	10.578	-3.909
2.6078e+05	0.36352	10.268	-3.8526
2.6292e+05	2.1262	5.5728	-3.3394
2.6299e+05	3.7616	5.6626	-2.9483
2.634e+05	2.245	6.1983	-1.0126
2.6393e+05	3.1209	5.5448	1.566
2.6403e+05	1.1581	5.2882	2.0212
2.6518e+05	0.73267	2.962	7.2119
2.6613e+05	1.6119	1.8783	11.819
2.6628e+05	1.7263	1.6271	12.501
2.6852e+05	3.1815	-1.4381	23.266
2.705e+05	5.7912	-3.5904	32.857
2.7214e+05	5.3099	-7.6141	30.212
2.7252e+05	3.494	-7.5683	28.36
2.7311e+05	1.4073	-6.2216	25.731
2.7428e+05	3.0247	-3.4183	20.614
2.7499e+05	1.3539	-1.677	17.434
2.7526e+05	0.53017	-1.0327	16.258
2.7563e+05	5.3696	-0.16323	14.671
2.7698e+05	4.6078	2.8568	8.648
2.7822e+05	0.61878	4.9783	2.8992
2.7839e+05	4.0248	5.3884	2.1076
2.8061e+05	3.4492	8.5385	-4.293
2.8296e+05	5.1731	-0.17193	-9.8323
2.8303e+05	5.6247	-0.45544	-10.052
2.8326e+05	0.27626	-1.3725	-10.762
2.8372e+05	4.0967	-3.1438	-12.133
2.8415e+05	6.1955	-5.0027	-13.23
2.8419e+05	1.8298	-5.1983	-13.336
2.843e+05	0.27983	-5.658	-13.585
2.8438e+05	2.7479	-6.0026	-13.772
2.8443e+05	4.6791	-6.2406	-13.901
2.8528e+05	1.8891	-9.9687	-15.899
2.8665e+05	1.573	-15.154	-12.789
2.8678e+05	5.4932	-15.417	-12.203
2.8713e+05	1.2306	-16.132	-10.614
2.8776e+05	0.79207	-17.434	-7.7176
2.88e+05	6.0495	-17.911	-6.655
2.8839e+05	2.7317	-18.718	-4.8615
2.8864e+05	3.9066	-19.229	-3.7247
2.9e+05	3.563	-22.64	1.9474
2.9002e+05	0.02875	-22.623	1.9701
2.903e+05	0.10012	-22.488	2.1614
2.9069e+05	2.1495	-22.488	2.1615
2.9114e+05	3.7903	-22.488	2.1615
2.9178e+05	1.5941	-22.437	2.1579
2.9239e+05	3.981	-19.446	1.8085
2.9262e+05	0.44649	-18.345	1.8885
2.9475e+05	0.6613	-7.857	3.8501
2.9575e+05	5.3927	-2.8857	4.1264
2.9613e+05	3.1082	-1.0022	4.231
2.9702e+05	1.0171	3.4092	4.4762
2.9807e+05	4.9248	8.715	4.7711
2.983e+05	4.8636	9.8693	4.8352
8316	1.5637	7.8696	-5.1091
8883	1.38	7.8647	-5.1187
18280	2.975	8.3323	20.036
23346	0.30944	-14.095	8.5461
25299	3.667	-22.408	4.557
26149	3.2044	-22.395	4.5343
35891	0.66738	15.714	9.2049
40045	3.4808	31.312	9.5633
42297	0.40768	23.844	6.509
44366	0.12616	13.619	5.725
50139	3.9784	-15.216	4.2281
62575	5.5326	-36.087	-25.126
82900	3.5842	13.493	11.836
84669	1.6483	16.609	20.16
91941	2.5975	19.692	13.636
96729	1.7896	11.278	-4.218
1.2341e+05	4.1896	-22.206	3.7912
1.2546e+05	0.13662	-26.324	10.668
1.263e+05	6.0427	-28.241	14.348
1.2698e+05	4.3205	-29.813	17.366
1.3452e+05	1.7871	-32.744	29.948
1.4432e+05	3.512	-7.7034	-0.043179
1.4577e+05	5.7539	-0.89131	-2.4218
1.4892e+05	1.6705	8.4166	-7.7801
1.5557e+05	0.94146	-1.2806	-12.692
1.5914e+05	1.9201	-16.487	-3.3285
1.5993e+05	1.1488	-19.637	-1.061
1.7057e+05	3.4812	-11.305	18.273
1.9076e+05	2.6719	-23.188	-2.7204
2.0599e+05	4.4764	-34.375	-16.46
2.1196e+05	3.0962	-20.498	-0.064843
2.2292e+05	1.3199	26.535	-27.842
2.275e+05	4.118	39.612	-35.703
2.2994e+05	5.4211	32.322	-28.514
2.3245e+05	3.4443	24.172	-19.047
2.3602e+05	5.9533	11.346	-8.0067
2.5272e+05	6.1363	10.737	12.277
2.6236e+05	4.5387	5.5475	-3.5062
2.7361e+05	4.3354	-5.0258	23.548
2.7641e+05	5.3006	1.7064	11.258
2.8136e+05	1.3207	6.6184	-5.561
2.8274e+05	0.17531	0.68223	-9.171
2.8363e+05	2.4085	-2.7945	-11.863
2.8771e+05	0.45663	-17.322	-7.9669
2.8951e+05	1.7141	-21.318	0.024336
2.9866e+05	1.9068	11.668	4.9352
659	6.2466	-8.9817	-1.8094
8482	4.1599	7.8696	-5.1091
26883	2.1025	-22.395	4.5343
34307	5.3929	7.832	8.074
47386	3.4906	-1.442	4.7826
50022	4.3761	-14.637	4.2514
52091	0.20959	-22.345	4.4219
56095	0.41046	-22.136	3.5315
64284	3.264	-39.872	-32.744
64669	4.7501	-40.721	-34.453
66120	5.2695	-39.724	-40.72
68272	4.8964	-30.452	-36.402
72891	4.2883	-11.482	-23.121
74293	2.0709	-5.9588	-18.873
80265	4.3632	9.0523	-0.49803
80398	0.78483	9.2258	0.14125
85019	2.8842	17.22	21.794
90474	3.6116	22.504	20.465
93477	5.7201	16.6	6.654
1.0388e+05	1.4495	25.717	-18.275
1.0774e+05	0.27222	40.067	-27.812
1.0974e+05	1.2405	36.586	-19.747
1.3399e+05	0.29732	-33.942	32.315
1.3974e+05	5.0278	-24.955	5.6933
1.4146e+05	1.9937	-21.256	4.689
1.4224e+05	2.1675	-17.572	3.4027
1.5796e+05	1.4447	-11.403	-6.4587
1.7784e+05	3.7993	8.7436	-4.1523
1.8036e+05	1.6194	-0.62054	-9.1883
1.8619e+05	4.1466	-20.72	-24.789
1.9934e+05	0.82644	-32.721	-21.898
2.0502e+05	0.85204	-36.401	-20.822
2.0769e+05	3.2754	-30.771	-8.7025
2.0822e+05	1.8571	-29.653	-6.2941
2.307e+05	3.5169	30.003	-25.48
2.4292e+05	3.4975	-18.479	2.487
2.9051e+05	3.289	-22.488	2.1615
2.9066e+05	2.4856	-22.488	2.1615
2.9193e+05	0.94065	-21.755	2.0712
2.9359e+05	1.627	-13.565	2.7454
5784	0.41	7.8696	-5.109
8003	5.9838	7.8696	-5.1091
16177	5.477	18.262	23.202
29173	0.45992	-17.553	4.4312
48441	3.2098	-6.6908	4.5713
55365	3.4374	-22.345	4.4219
61471	1.343	-33.716	-20.173
62288	5.9685	-35.451	-23.847
63872	0.92844	-38.96	-30.909
66241	5.9755	-39.159	-40.926
71857	5.3815	-15.766	-26.12
72096	0.6264	-14.791	-25.437
74247	2.1678	-6.1298	-19.025
74664	1.3141	-4.5752	-17.646
75915	5.257	0.36276	-13.889
81237	2.8864	10.592	4.0841
84373	5.4759	16.093	18.782
89127	1.1208	24.962	26.697
89377	0.68181	24.584	25.514
90094	4.7741	23.225	22.214
91929	0.55337	19.715	13.691
1.0122e+05	0.63136	15.892	-9.312
1.0452e+05	2.5041	27.879	-20.601
1.0823e+05	1.8455	40.907	-25.581
1.1595e+05	0.086104	6.7419	-11.502
1.3199e+05	5.963	-37.889	35.986
1.3771e+05	2.2274	-27.89	14.745
1.4556e+05	5.6958	-1.8795	-2.0768
1.8862e+05	2.0212	-23.653	-13.389
2.1982e+05	0.94842	12.558	-21.226
2.3883e+05	2.6031	1.1685	-3.2137
2.4284e+05	0.85697	-18.101	2.381
2.4528e+05	5.1232	-22.265	4.2074
2.6546e+05	2.4172	2.54	8.5718
2.678e+05	0.55068	-0.76019	19.757
2.7776e+05	0.66244	4.1499	4.9816
2.8702e+05	5.393	-15.903	-11.123
2.8918e+05	3.1386	-20.378	-1.3103
2.9005e+05	3.9809	-22.581	2.0246
2.93e+05	1.8562	-16.447	2.0497
2.9543e+05	2.9673	-4.4617	4.0388
2.9793e+05	1.4459	8.0467	4.7339
8137	4.2894	7.8696	-5.1091
9821	0.28016	10.155	-1.224
10706	4.9477	11.883	2.8287
11757	2.1114	13.935	7.6417
24001	1.0582	-17.215	7.3489
25753	1.5376	-22.395	4.5343
29491	5.1366	-15.986	4.656
29974	5.0627	-13.606	4.9976
30324	5.0024	-11.881	5.2451
30741	0.074447	-9.8261	5.54
34645	5.9851	9.4972	8.3129
40900	6.2635	30.604	8.3351
51495	1.6096	-21.965	3.9563
62705	1.4354	-36.375	-25.706
76265	1.2606	1.7762	-12.74
77150	2.5805	5.1357	-9.8906
77183	2.2227	5.261	-9.7843
80319	0.7725	9.1224	-0.23965
82922	0.15001	13.532	11.939
85007	0.20173	17.199	21.738
86074	1.1611	19.064	26.72
86742	6.014	20.227	29.827
1.2637e+05	6.1657	-28.406	14.664
1.277e+05	4.4838	-31.403	20.583
1.3029e+05	2.457	-36.304	32.524
1.3132e+05	2.7166	-37.889	35.986
1.5401e+05	4.0164	5.4047	-16.808
1.7031e+05	1.8326	-12.244	19.19
1.7101e+05	0.24894	-9.7642	16.731
1.7272e+05	0.34617	-4.6478	9.9156
1.7398e+05	3.8164	-0.33648	5.307
1.7704e+05	5.0122	8.7436	-4.1523
1.8483e+05	2.4847	-17.925	-23.219
2.0122e+05	1.7842	-39.623	-28.392
2.0246e+05	4.2727	-40.123	-28.847
2.0499e+05	5.3149	-36.464	-20.958
2.1175e+05	2.5846	-21.463	0.36065
2.2078e+05	4.6649	16.677	-23.704
2.2879e+05	4.9752	36.205	-32.755
2.6915e+05	4.0781	-2.0359	26.36
2.713e+05	3.5856	-4.7211	32.905
2.761e+05	1.928	0.96396	12.613
2.9353e+05	2.6042	-13.866	2.6717
2.9365e+05	4.2056	-13.301	2.8101
15489	4.0559	20.176	22.497
16273	3.4154	17.785	23.201
16478	4.866	16.789	22.99
65118	3.6981	-41.686	-36.565
77645	4.3425	7.0179	-8.294
82367	1.7129	12.564	9.3532
1.0904e+05	3.4139	39.112	-22.092
1.4421e+05	2.3115	-8.2479	0.14694
1.4517e+05	1.0972	-3.704	-1.4397
1.6658e+05	0.87518	-26.309	25.852
1.8074e+05	3.3032	-2.0507	-10.458
1.8171e+05	1.6053	-5.7118	-13.708
2.0873e+05	4.0357	-28.593	-4.0145
2.3666e+05	1.9291	9.6583	-8.4077
2.3843e+05	5.5462	2.9534	-4.0947
2.4301e+05	3.0137	-18.885	2.6006
2.5179e+05	0.98711	6.1865	11.031
2.5181e+05	3.8223	6.2636	11.054
2.5764e+05	1.4232	20.616	6.0925
2.6013e+05	4.0459	12.344	-3.1994
2.6051e+05	2.9424	10.995	-4.0569
2.8243e+05	3.664	1.9272	-8.2076
2.825e+05	3.8507	1.643	-8.4273
2.8423e+05	1.8458	-5.3434	-13.414
2.934e+05	3.7942	-14.507	2.5147
2.9558e+05	4.551	-3.7419	4.0788
2.9801e+05	3.0104	8.4374	4.7556
